pair_id,group,d_raw,D_U0,D_U1,D_U2,D_U3,D_U4,D_U5,D_U6,D_U7,D_current,D_left,D_early,D_mid,D_late
block_cont_r10__cross_stall_occ_r3,A,0.024037,0.031197,0.093852,0.033392,0.033857,0.0,0.0,0.0,0.0,0.032448,0.015627,0.001964,0.031346,0.035649
block_cont_r7__cross_stall_occ_r11,A,0.0,0.0,0.0,0.0,0.0,0.0,0.0,0.0,0.0,0.0,0.0,0.0,0.0,0.0
block_nec_r10__cross_stall_r9,A,0.006026,0.012065,0.01206,0.011483,0.012598,0.0,0.0,0.0,0.0,0.012051,0.0,0.001025,0.010121,0.006217
block_nec_r12__cross_stall_r12,A,0.00498,0.013748,0.008595,0.00789,0.009607,0.0,0.0,0.0,0.0,0.00996,0.0,0.000345,0.00876,0.005173
block_nec_r4__cross_stall_r11,A,0.003178,0.006538,0.005008,0.00424,0.009642,0.0,0.0,0.0,0.0,0.005219,0.001137,0.00038,0.005609,0.003146
cross_stall_r2__lead_nec_r1,A,0.007857,0.01345,0.015235,0.016705,0.01747,0.0,0.0,0.0,0.0,0.015715,0.0,0.0,0.010603,0.011847
cross_stall_r6__temp_opt_r9,A,0.003806,0.010487,0.006687,0.006815,0.006458,0.0,0.0,0.0,0.0,0.007612,0.0,0.0,0.002483,0.008391
cross_stall_occ_r10__lead_cont_r11,A,0.016832,0.0292,0.033168,0.035665,0.036625,0.0,0.0,0.0,0.0,0.033664,0.0,0.0,0.023333,0.024759
cross_stall_occ_r2__lead_cont_r1,A,0.001063,0.001643,0.002175,0.002163,0.002527,0.0,0.0,0.0,0.0,0.002127,0.0,0.0,0.001403,0.001636
lead_opt_r11__temp_opt_r2,A,0.006923,0.006512,0.013207,0.01539,0.020272,0.0,0.0,0.0,0.0,0.013846,0.0,0.0,0.004366,0.015413
lead_opt_r12__temp_opt_r3,A,0.006983,0.008005,0.01137,0.017155,0.019333,0.0,0.0,0.0,0.0,0.013966,0.0,0.0,0.004735,0.015216
cross_stall_occ_r8__lead_cont_r1,B,0.002368,0.004992,0.004162,0.004917,0.004873,0.0,0.0,0.0,0.0,0.004736,0.0,0.0,0.003356,0.00341
cross_stall_r10__temp_opt_r9,B,0.00469,0.012935,0.009338,0.007965,0.007282,0.0,0.0,0.0,0.0,0.00938,0.0,0.0,0.005075,0.008325
block_nec_r12__cross_stall_r3,B,0.005299,0.008722,0.00486,0.00421,0.024602,0.0,0.0,0.0,0.0,0.005564,0.005035,0.000273,0.009387,0.00552
block_nec_r12__cross_stall_r6,B,0.005404,0.00995,0.006845,0.010535,0.015903,0.0,0.0,0.0,0.0,0.010808,0.0,7.9e-05,0.007527,0.007846
block_nec_r12__cross_stall_r10,B,0.005519,0.004538,0.01002,0.01359,0.016008,0.0,0.0,0.0,0.0,0.011039,0.0,7.9e-05,0.007463,0.008238
block_nec_r12__cross_stall_r7,B,0.005858,0.01082,0.01238,0.011672,0.011995,0.0,0.0,0.0,0.0,0.011717,0.0,7.9e-05,0.009843,0.006828
cross_stall_r4__temp_opt_r9,B,0.005927,0.015867,0.013003,0.01106,0.007482,0.0,0.0,0.0,0.0,0.011853,0.0,0.0,0.010175,0.006758
block_nec_r12__cross_stall_r9,B,0.006075,0.016977,0.012862,0.010965,0.007797,0.0,0.0,0.0,0.0,0.012151,0.0,0.000859,0.012471,0.00415
block_nec_r7__cross_stall_r9,B,0.006747,0.019232,0.015277,0.010722,0.008745,0.0,0.0,0.0,0.0,0.013494,0.0,0.001419,0.013331,0.00473
cross_stall_r7__temp_opt_r9,B,0.006933,0.018568,0.013553,0.011063,0.012285,0.0,0.0,0.0,0.0,0.013867,0.0,0.0,0.008822,0.010988
block_nec_r2__cross_stall_r9,B,0.007033,0.007512,0.012715,0.01579,0.020245,0.0,0.0,0.0,0.0,0.014066,0.0,0.001408,0.009615,0.009271
lead_opt_r4__temp_opt_r3,B,0.007125,0.007057,0.010342,0.017648,0.02195,0.0,0.0,0.0,0.0,0.014249,0.0,0.0,0.004763,0.015594
lead_opt_r2__temp_opt_r3,B,0.007587,0.006165,0.016172,0.019348,0.019015,0.0,0.0,0.0,0.0,0.015175,0.0,0.0,0.006029,0.015649
lead_opt_r11__temp_opt_r11,B,0.007727,0.006512,0.019195,0.016997,0.019112,0.0,0.0,0.0,0.0,0.015454,0.0,0.0,0.001214,0.020863
cross_stall_r12__temp_opt_r9,B,0.007752,0.016925,0.014907,0.01502,0.015163,0.0,0.0,0.0,0.0,0.015504,0.0,0.000424,0.009032,0.012753
cross_stall_r1__temp_opt_r9,B,0.008023,0.022495,0.017962,0.013278,0.010452,0.0,0.0,0.0,0.0,0.016047,0.0,0.0,0.014021,0.008904
block_nec_r7__cross_stall_r11,B,0.008139,0.0119,0.01358,0.01297,0.026665,0.0,0.0,0.0,0.0,0.012873,0.003406,0.00207,0.013878,0.007604
block_nec_r10__cross_stall_r11,B,0.008861,0.019067,0.016797,0.01221,0.022812,0.0,0.0,0.0,0.0,0.014316,0.003406,0.002464,0.017088,0.006117
block_nec_r2__cross_stall_r11,B,0.008883,0.02362,0.016348,0.010303,0.02079,0.0,0.0,0.0,0.0,0.014359,0.003406,0.00208,0.017962,0.005634
block_nec_r12__cross_stall_r4,B,0.009215,0.0115,0.01745,0.021705,0.023063,0.0,0.0,0.0,0.0,0.018429,0.0,7.9e-05,0.013331,0.012929
lead_nec_r4__temp_opt_r3,B,0.009237,0.026032,0.018665,0.013055,0.016145,0.0,0.0,0.0,0.0,0.018474,0.0,0.0,0.004905,0.021487
lead_opt_r11__temp_opt_r1,B,0.009269,0.006512,0.01715,0.027805,0.022683,0.0,0.0,0.0,0.0,0.018537,0.0,0.0,0.001924,0.024558
lead_nec_r2__temp_opt_r3,B,0.009567,0.017107,0.020575,0.01866,0.020192,0.0,0.0,0.0,0.0,0.019134,0.0,0.0,0.008625,0.018709
lead_nec_r12__temp_opt_r3,B,0.009735,0.025897,0.016807,0.015715,0.019462,0.0,0.0,0.0,0.0,0.019471,0.0,0.0,0.006768,0.021047
lead_nec_r7__temp_opt_r3,B,0.009908,0.025897,0.016807,0.015715,0.020847,0.0,0.0,0.0,0.0,0.019817,0.0,0.0,0.007242,0.021068
lead_nec_r6__temp_opt_r3,B,0.010077,0.020197,0.015452,0.020355,0.024607,0.0,0.0,0.0,0.0,0.020153,0.0,0.0,0.008518,0.020272
block_nec_r12__cross_stall_r1,B,0.01015,0.018648,0.021015,0.020812,0.020722,0.0,0.0,0.0,0.0,0.020299,0.0,7.9e-05,0.017066,0.011865
lead_opt_r1__temp_opt_r3,B,0.010153,0.024235,0.019543,0.01891,0.018535,0.0,0.0,0.0,0.0,0.020306,0.0,0.0,0.009174,0.019834
cross_stall_r3__temp_opt_r9,B,0.010526,0.012105,0.013647,0.01772,0.040738,0.0,0.0,0.0,0.0,0.016018,0.005035,0.000352,0.01179,0.017983
block_nec_r6__cross_stall_r11,B,0.010737,0.0139,0.012657,0.019838,0.039502,0.0,0.0,0.0,0.0,0.013391,0.008083,0.002529,0.017729,0.01078
cross_stall_r2__lead_opt_r9,B,0.010755,0.01603,0.020198,0.023487,0.026325,0.0,0.0,0.0,0.0,0.02151,0.0,0.0,0.008568,0.022161
block_nec_r10__cross_stall_r12,B,0.010903,0.0155,0.019863,0.024272,0.027592,0.0,0.0,0.0,0.0,0.021807,0.0,0.00154,0.016716,0.013117
lead_opt_r1__temp_opt_r6,B,0.011097,0.030265,0.027947,0.016183,0.014385,0.0,0.0,0.0,0.0,0.022195,0.0,0.0,0.010325,0.021382
lead_opt_r6__temp_opt_r6,B,0.011455,0.037355,0.020325,0.013138,0.020823,0.0,0.0,0.0,0.0,0.02291,0.0,0.0,0.007279,0.025449
lead_opt_r11__temp_opt_r4,B,0.011487,0.006262,0.010257,0.028538,0.046837,0.0,0.0,0.0,0.0,0.022974,0.0,0.001964,0.018515,0.012621
cross_stall_r8__lead_nec_r1,B,0.011526,0.019935,0.022595,0.024187,0.025492,0.0,0.0,0.0,0.0,0.023052,0.0,0.0,0.016057,0.016875
block_nec_r7__cross_stall_r12,B,0.011625,0.022668,0.02308,0.023512,0.02374,0.0,0.0,0.0,0.0,0.02325,0.0,0.001933,0.019927,0.01163
cross_stall_r8__temp_opt_r9,B,0.011737,0.029513,0.026063,0.021575,0.016743,0.0,0.0,0.0,0.0,0.023473,0.0,0.0,0.023674,0.009859
block_nec_r2__cross_stall_r12,B,0.011911,0.010947,0.020518,0.02858,0.03524,0.0,0.0,0.0,0.0,0.023821,0.0,0.001923,0.016211,0.016171
block_cont_r10__cross_stall_r4,C,0.329051,0.365542,0.30498,0.369217,0.27381,0.27289,0.295967,0.375,0.375,0.042648,0.615454,0.03163,0.440122,0.472912
cross_stall_occ_r6__lead_nec_r8,C,0.346701,0.320413,0.310883,0.312727,0.329583,0.375,0.375,0.375,0.375,0.065801,0.627601,0.041667,0.495069,0.45979
cross_clear_r7__lead_cont_r6,C,0.325064,0.380987,0.355117,0.291777,0.316405,0.375,0.326047,0.291725,0.26345,0.069185,0.580942,0.041667,0.420631,0.472408
cross_stall_occ_r6__lead_nec_r5,C,0.343461,0.318425,0.3051,0.303882,0.320282,0.375,0.375,0.375,0.375,0.059322,0.627601,0.041667,0.492964,0.452639
lead_cont_r8__temp_opt_r2,C,0.345996,0.353465,0.355032,0.319605,0.326618,0.288245,0.375,0.375,0.375,0.072195,0.619796,0.036198,0.463906,0.493626
lead_cont_r4__temp_opt_r9,C,0.341449,0.384245,0.366295,0.372058,0.29014,0.27289,0.295967,0.375,0.375,0.08198,0.600919,0.029667,0.467193,0.482948
block_nec_r2__cross_stall_occ_r12,C,0.319255,0.26165,0.253707,0.25708,0.2816,0.375,0.375,0.375,0.375,0.024227,0.614283,0.04359,0.44986,0.424934
cross_clear_r8__lead_cont_r4,C,0.252021,0.34857,0.263843,0.252815,0.10263,0.27289,0.227388,0.28184,0.266195,0.049394,0.454648,0.029667,0.356222,0.33841
block_nec_r1__cross_clear_r6,C,0.159962,0.08256,0.251362,0.267068,0.152997,0.046173,0.146068,0.150877,0.182587,0.045448,0.274475,0.007476,0.215684,0.234941
block_nec_r5__lead_opt_r11,C,0.162793,0.205485,0.232608,0.318365,0.545883,0.0,0.0,0.0,0.0,0.217346,0.108239,0.01626,0.215431,0.235753
cross_stall_r1__lead_cont_r3,C,0.339682,0.3616,0.370982,0.378207,0.287807,0.27289,0.295967,0.375,0.375,0.048282,0.631082,0.029667,0.440199,0.504892
block_nec_r1__cross_clear_r5,C,0.174032,0.047332,0.198055,0.281358,0.34993,0.0,0.138242,0.16219,0.215147,0.144546,0.203518,0.013181,0.235431,0.250504
block_cont_r11__lead_cont_r4,C,0.17591,0.292005,0.306017,0.293187,0.334927,0.10211,0.079032,0.0,0.0,0.198333,0.153487,0.038805,0.263928,0.205411
lead_cont_r10__temp_opt_r3,C,0.325257,0.336745,0.31105,0.266135,0.274883,0.288245,0.375,0.375,0.375,0.030718,0.619796,0.036198,0.454169,0.444111
cross_clear_r5__temp_opt_r7,C,0.165094,0.131645,0.34527,0.11832,0.209935,0.0,0.138242,0.16219,0.215147,0.12047,0.209718,0.01309,0.236037,0.22444
cross_clear_r6__lead_cont_r3,C,0.208203,0.355335,0.197363,0.17787,0.141907,0.226717,0.1499,0.224123,0.192412,0.080889,0.335518,0.029667,0.273024,0.296414
cross_stall_occ_r2__lead_nec_r10,C,0.346133,0.33276,0.236418,0.345048,0.354838,0.375,0.375,0.375,0.375,0.017212,0.675054,0.041667,0.449628,0.503609
cross_clear_r4__lead_cont_r8,C,0.275494,0.31661,0.288598,0.191605,0.163615,0.288245,0.375,0.286035,0.294243,0.016639,0.534348,0.036198,0.417801,0.338297
block_nec_r7__cross_stall_occ_r12,C,0.318969,0.27337,0.25627,0.252013,0.2701,0.375,0.375,0.375,0.375,0.023656,0.614283,0.0436,0.453576,0.420393
block_nec_r12__cross_clear_r5,C,0.155662,0.05398,0.227713,0.215985,0.23204,0.0,0.138242,0.16219,0.215147,0.124459,0.186865,0.005784,0.223787,0.216004
cross_stall_occ_r2__lead_opt_r5,C,0.35039,0.343653,0.249845,0.353925,0.355695,0.375,0.375,0.375,0.375,0.025726,0.675054,0.041815,0.46256,0.502713
cross_clear_r12__lead_cont_r3,C,0.207206,0.319205,0.23913,0.150553,0.13409,0.207017,0.18488,0.211608,0.211168,0.06391,0.350502,0.029667,0.288795,0.277795
cross_clear_r12__lead_nec_r9,C,0.178797,0.11236,0.23125,0.32865,0.253927,0.065873,0.111087,0.163392,0.163832,0.077014,0.280579,0.000848,0.235647,0.274473
cross_stall_occ_r12__lead_nec_r9,C,0.349134,0.320367,0.314433,0.318013,0.34026,0.375,0.375,0.375,0.375,0.083986,0.614283,0.042091,0.494339,0.467109
cross_clear_r8__lead_cont_r12,C,0.303725,0.363088,0.30838,0.298243,0.230635,0.375,0.30642,0.28184,0.266195,0.054146,0.553304,0.041667,0.414421,0.41765
block_cont_r10__lead_opt_r10,C,0.347768,0.401925,0.339795,0.406817,0.314752,0.27289,0.295967,0.375,0.375,0.080083,0.615454,0.03163,0.455401,0.511112
cross_stall_occ_r3__lead_opt_r8,C,0.332594,0.351018,0.357035,0.362918,0.270927,0.27289,0.295967,0.375,0.375,0.034107,0.631082,0.031419,0.420812,0.502528
cross_stall_occ_r8__lead_nec_r11,C,0.344293,0.332072,0.23631,0.341423,0.344538,0.375,0.375,0.375,0.375,0.013532,0.675054,0.041667,0.448951,0.499029
lead_cont_r4__temp_opt_r5,C,0.323273,0.338075,0.327858,0.340398,0.261,0.27289,0.295967,0.375,0.375,0.045628,0.600919,0.029667,0.442687,0.455523
block_nec_r3__cross_clear_r6,C,0.159116,0.100028,0.264273,0.2414,0.141522,0.046173,0.146068,0.150877,0.182587,0.056737,0.261494,0.011131,0.21617,0.228906
block_cont_r4__cross_clear_r5,C,0.257618,0.260635,0.092843,0.457715,0.446475,0.27289,0.157725,0.21281,0.159853,0.132584,0.382653,0.028008,0.305699,0.406346
block_nec_r11__cross_stall_occ_r4,C,0.318374,0.39994,0.318408,0.228963,0.280823,0.27289,0.295967,0.375,0.375,0.141236,0.495511,0.056472,0.465687,0.395548
cross_stall_r2__lead_cont_r5,C,0.335789,0.31111,0.297625,0.2842,0.293375,0.375,0.375,0.375,0.375,0.024424,0.647153,0.041667,0.478169,0.445513
block_nec_r5__cross_stall_occ_r11,C,0.324117,0.381025,0.369885,0.285268,0.056755,0.375,0.375,0.375,0.375,0.056472,0.591761,0.05557,0.435171,0.443245
block_cont_r9__cross_clear_r5,C,0.273649,0.273478,0.09873,0.445645,0.473677,0.288245,0.236758,0.21281,0.159853,0.142066,0.405233,0.03998,0.324376,0.423211
block_cont_r4__lead_opt_r1,C,0.345013,0.338882,0.37638,0.37813,0.347853,0.27289,0.295967,0.375,0.375,0.120508,0.569518,0.033714,0.45971,0.497144
cross_stall_occ_r10__lead_opt_r3,C,0.330833,0.359343,0.35736,0.353427,0.257675,0.27289,0.295967,0.375,0.375,0.030584,0.631082,0.029667,0.418731,0.501077
cross_stall_occ_r3__lead_opt_r10,C,0.339358,0.370727,0.370727,0.373425,0.28113,0.27289,0.295967,0.375,0.375,0.047635,0.631082,0.029667,0.431601,0.512566
cross_stall_r8__lead_cont_r4,C,0.331475,0.357662,0.342697,0.354343,0.278243,0.27289,0.295967,0.375,0.375,0.062032,0.600919,0.029667,0.443519,0.478125
