pair_id,group,d_raw,R_scale,mean_alpha
block_cont_r10__cross_stall_occ_r3,A,0.024037,0.032,0.9818
block_cont_r7__cross_stall_occ_r11,A,0.0,0.0,1.0
block_nec_r10__cross_stall_r9,A,0.006026,0.0198,0.9933
block_nec_r12__cross_stall_r12,A,0.00498,-0.1719,1.0025
block_nec_r4__cross_stall_r11,A,0.003178,0.0217,1.0022
cross_stall_r2__lead_nec_r1,A,0.007857,-0.0885,0.9921
cross_stall_r6__temp_opt_r9,A,0.003806,-0.0248,0.9968
cross_stall_occ_r10__lead_cont_r11,A,0.016832,-0.0456,0.9829
cross_stall_occ_r2__lead_cont_r1,A,0.001063,-0.1204,1.001
lead_opt_r11__temp_opt_r2,A,0.006923,-0.2412,0.9965
lead_opt_r12__temp_opt_r3,A,0.006983,-0.2049,1.0037
cross_stall_occ_r8__lead_cont_r1,B,0.002368,-0.1434,0.9976
cross_stall_r10__temp_opt_r9,B,0.00469,-0.0724,1.0003
block_nec_r12__cross_stall_r3,B,0.005299,0.26,1.0064
block_nec_r12__cross_stall_r6,B,0.005404,-0.0872,0.9982
block_nec_r12__cross_stall_r10,B,0.005519,-0.0111,0.9947
block_nec_r12__cross_stall_r7,B,0.005858,-0.0487,0.9938
cross_stall_r4__temp_opt_r9,B,0.005927,-0.1336,1.004
block_nec_r12__cross_stall_r9,B,0.006075,-0.0877,1.0074
block_nec_r7__cross_stall_r9,B,0.006747,0.0331,0.9916
cross_stall_r7__temp_opt_r9,B,0.006933,-0.1094,1.0011
block_nec_r2__cross_stall_r9,B,0.007033,0.0177,0.9928
lead_opt_r4__temp_opt_r3,B,0.007125,-0.1915,1.0033
lead_opt_r2__temp_opt_r3,B,0.007588,-0.1873,1.0059
lead_opt_r11__temp_opt_r11,B,0.007727,-0.3723,0.9925
cross_stall_r12__temp_opt_r9,B,0.007752,0.0181,0.9924
cross_stall_r1__temp_opt_r9,B,0.008023,-0.162,1.0055
block_nec_r7__cross_stall_r11,B,0.008139,0.1913,1.0105
block_nec_r10__cross_stall_r11,B,0.008861,0.1621,1.0121
block_nec_r2__cross_stall_r11,B,0.008883,0.0402,1.0115
block_nec_r12__cross_stall_r4,B,0.009215,-0.0118,0.9909
lead_nec_r4__temp_opt_r3,B,0.009237,-0.2635,0.997
lead_opt_r11__temp_opt_r1,B,0.009269,-0.3198,0.9916
lead_nec_r2__temp_opt_r3,B,0.009567,-0.2066,1.0014
lead_nec_r12__temp_opt_r3,B,0.009735,-0.2756,0.9991
lead_nec_r7__temp_opt_r3,B,0.009908,-0.2762,0.9993
lead_nec_r6__temp_opt_r3,B,0.010077,-0.2429,1.0023
block_nec_r12__cross_stall_r1,B,0.01015,-0.035,0.9891
lead_opt_r1__temp_opt_r3,B,0.010153,-0.176,0.9898
cross_stall_r3__temp_opt_r9,B,0.010526,0.1918,0.9889
block_nec_r6__cross_stall_r11,B,0.010737,0.3315,0.9855
cross_stall_r2__lead_opt_r9,B,0.010755,-0.1053,0.9967
block_nec_r10__cross_stall_r12,B,0.010903,0.045,0.9883
lead_opt_r1__temp_opt_r6,B,0.011097,-0.1613,0.9999
lead_opt_r6__temp_opt_r6,B,0.011455,-0.2016,0.9958
lead_opt_r11__temp_opt_r4,B,0.011487,-0.1112,1.0049
cross_stall_r8__lead_nec_r1,B,0.011526,-0.0839,0.9883
block_nec_r7__cross_stall_r12,B,0.011625,0.0707,0.9866
cross_stall_r8__temp_opt_r9,B,0.011737,-0.1541,1.0118
block_nec_r2__cross_stall_r12,B,0.011911,0.0385,0.9877
block_cont_r10__cross_stall_r4,C,0.329051,0.2167,0.8762
cross_stall_occ_r6__lead_nec_r8,C,0.346701,0.2097,0.8658
cross_clear_r7__lead_cont_r6,C,0.325064,-0.0013,1.0376
cross_stall_occ_r6__lead_nec_r5,C,0.343461,0.2097,0.8686
lead_cont_r8__temp_opt_r2,C,0.345996,0.1962,0.8645
lead_cont_r4__temp_opt_r9,C,0.341449,0.1991,0.9389
block_nec_r2__cross_stall_occ_r12,C,0.319255,0.0284,1.0375
cross_clear_r8__lead_cont_r4,C,0.252021,0.029,1.0486
block_nec_r1__cross_clear_r6,C,0.159962,0.1773,1.065
block_nec_r5__lead_opt_r11,C,0.162793,0.2491,0.9227
cross_stall_r1__lead_cont_r3,C,0.339682,0.0195,1.0131
block_nec_r1__cross_clear_r5,C,0.174032,0.208,1.0077
block_cont_r11__lead_cont_r4,C,0.17591,0.1811,0.875
lead_cont_r10__temp_opt_r3,C,0.325257,0.2079,0.8855
cross_clear_r5__temp_opt_r7,C,0.165094,0.3386,0.9607
cross_clear_r6__lead_cont_r3,C,0.208203,0.0522,0.9931
cross_stall_occ_r2__lead_nec_r10,C,0.346133,0.1999,0.8938
cross_clear_r4__lead_cont_r8,C,0.275494,0.0177,1.0594
block_nec_r7__cross_stall_occ_r12,C,0.318969,0.0295,1.0364
block_nec_r12__cross_clear_r5,C,0.155662,0.1533,1.0367
cross_stall_occ_r2__lead_opt_r5,C,0.35039,0.1949,0.906
cross_clear_r12__lead_cont_r3,C,0.207206,0.042,1.002
cross_clear_r12__lead_nec_r9,C,0.178797,0.3285,0.8613
cross_stall_occ_r12__lead_nec_r9,C,0.349134,0.215,0.8564
cross_clear_r8__lead_cont_r12,C,0.303725,-0.0,0.9723
block_cont_r10__lead_opt_r10,C,0.347768,0.2151,0.8587
cross_stall_occ_r3__lead_opt_r8,C,0.332594,0.2056,0.8905
cross_stall_occ_r8__lead_nec_r11,C,0.344293,0.2019,0.8937
lead_cont_r4__temp_opt_r5,C,0.323273,0.2081,0.9064
block_nec_r3__cross_clear_r6,C,0.159116,0.1917,1.0567
block_cont_r4__cross_clear_r5,C,0.257618,0.2424,0.8736
block_nec_r11__cross_stall_occ_r4,C,0.318374,0.089,1.0
cross_stall_r2__lead_cont_r5,C,0.335789,0.0143,1.0384
block_nec_r5__cross_stall_occ_r11,C,0.324117,0.0174,0.9635
block_cont_r9__cross_clear_r5,C,0.273649,0.2392,0.8654
block_cont_r4__lead_opt_r1,C,0.345013,0.2319,0.85
cross_stall_occ_r10__lead_opt_r3,C,0.330833,0.206,0.8866
cross_stall_occ_r3__lead_opt_r10,C,0.339358,0.2064,0.8773
cross_stall_r8__lead_cont_r4,C,0.331475,0.0287,1.044
