pair_id,group,d_raw,d_shift,R_time,mean_abs_dtstar,frac_dtstar_nonzero
block_cont_r10__cross_stall_occ_r3,A,0.024037,0.011725,0.5122,1.375,0.812
block_cont_r7__cross_stall_occ_r11,A,0.0,0.0,0.0,1.5,0.75
block_nec_r10__cross_stall_r9,A,0.006026,0.004158,0.31,0.625,0.5
block_nec_r12__cross_stall_r12,A,0.00498,0.003784,0.2402,0.531,0.312
block_nec_r4__cross_stall_r11,A,0.003178,0.003178,0.0,0.5,0.25
cross_stall_r2__lead_nec_r1,A,0.007857,0.001943,0.7527,0.625,0.5
cross_stall_r6__temp_opt_r9,A,0.003806,0.003806,0.0,0.5,0.25
cross_stall_occ_r10__lead_cont_r11,A,0.016832,0.00406,0.7588,1.375,0.812
cross_stall_occ_r2__lead_cont_r1,A,0.001063,0.001063,0.0,1.375,0.688
lead_opt_r11__temp_opt_r2,A,0.006923,0.004726,0.3173,0.75,0.5
lead_opt_r12__temp_opt_r3,A,0.006983,0.005613,0.1962,0.625,0.5
cross_stall_occ_r8__lead_cont_r1,B,0.002368,0.002368,0.0,1.375,0.688
cross_stall_r10__temp_opt_r9,B,0.00469,0.00469,0.0,0.5,0.25
block_nec_r12__cross_stall_r3,B,0.005299,0.005299,0.0,0.5,0.25
block_nec_r12__cross_stall_r6,B,0.005404,0.005129,0.0509,0.531,0.312
block_nec_r12__cross_stall_r10,B,0.005519,0.004482,0.1879,0.562,0.375
block_nec_r12__cross_stall_r7,B,0.005858,0.003803,0.3509,0.625,0.5
cross_stall_r4__temp_opt_r9,B,0.005927,0.004216,0.2887,0.562,0.375
block_nec_r12__cross_stall_r9,B,0.006075,0.002908,0.5214,0.594,0.438
block_nec_r7__cross_stall_r9,B,0.006747,0.002842,0.5787,0.594,0.438
cross_stall_r7__temp_opt_r9,B,0.006933,0.005669,0.1824,0.531,0.312
block_nec_r2__cross_stall_r9,B,0.007033,0.005199,0.2607,0.594,0.438
lead_opt_r4__temp_opt_r3,B,0.007125,0.006355,0.108,0.625,0.5
lead_opt_r2__temp_opt_r3,B,0.007588,0.005039,0.3359,0.625,0.438
lead_opt_r11__temp_opt_r11,B,0.007727,0.003683,0.5234,0.812,0.5
cross_stall_r12__temp_opt_r9,B,0.007752,0.006172,0.2038,0.625,0.5
cross_stall_r1__temp_opt_r9,B,0.008023,0.005068,0.3683,0.594,0.438
block_nec_r7__cross_stall_r11,B,0.008139,0.005556,0.3173,0.625,0.5
block_nec_r10__cross_stall_r11,B,0.008861,0.004251,0.5203,0.594,0.438
block_nec_r2__cross_stall_r11,B,0.008883,0.005273,0.4064,0.562,0.375
block_nec_r12__cross_stall_r4,B,0.009215,0.004915,0.4666,0.625,0.5
lead_nec_r4__temp_opt_r3,B,0.009237,0.006232,0.3254,0.656,0.438
lead_opt_r11__temp_opt_r1,B,0.009269,0.004292,0.5369,0.812,0.438
lead_nec_r2__temp_opt_r3,B,0.009567,0.005451,0.4303,0.656,0.5
lead_nec_r12__temp_opt_r3,B,0.009735,0.005575,0.4274,0.656,0.438
lead_nec_r7__temp_opt_r3,B,0.009908,0.005575,0.4374,0.688,0.438
lead_nec_r6__temp_opt_r3,B,0.010077,0.00519,0.4849,0.75,0.5
block_nec_r12__cross_stall_r1,B,0.01015,0.002376,0.7659,0.625,0.5
lead_opt_r1__temp_opt_r3,B,0.010153,0.005359,0.4722,0.688,0.5
cross_stall_r3__temp_opt_r9,B,0.010526,0.009228,0.1233,0.562,0.375
block_nec_r6__cross_stall_r11,B,0.010737,0.008314,0.2257,0.625,0.5
cross_stall_r2__lead_opt_r9,B,0.010755,0.010616,0.0129,0.531,0.312
block_nec_r10__cross_stall_r12,B,0.010903,0.005177,0.5252,0.625,0.5
lead_opt_r1__temp_opt_r6,B,0.011097,0.007814,0.2959,0.719,0.5
lead_opt_r6__temp_opt_r6,B,0.011455,0.009783,0.1459,0.625,0.312
lead_opt_r11__temp_opt_r4,B,0.011487,0.007604,0.3381,0.844,0.5
cross_stall_r8__lead_nec_r1,B,0.011526,0.003351,0.7093,0.625,0.5
block_nec_r7__cross_stall_r12,B,0.011625,0.003372,0.7099,0.625,0.5
cross_stall_r8__temp_opt_r9,B,0.011737,0.003087,0.737,0.688,0.5
block_nec_r2__cross_stall_r12,B,0.011911,0.007151,0.3996,0.594,0.438
block_cont_r10__cross_stall_r4,C,0.329051,0.285801,0.1314,1.406,0.875
cross_stall_occ_r6__lead_nec_r8,C,0.346701,0.27755,0.1995,1.969,1.0
cross_clear_r7__lead_cont_r6,C,0.325064,0.264397,0.1866,2.0,1.0
cross_stall_occ_r6__lead_nec_r5,C,0.343461,0.274586,0.2005,1.875,1.0
lead_cont_r8__temp_opt_r2,C,0.345996,0.288364,0.1666,1.875,0.938
lead_cont_r4__temp_opt_r9,C,0.341449,0.283962,0.1684,1.656,0.875
block_nec_r2__cross_stall_occ_r12,C,0.319255,0.268734,0.1582,1.562,0.938
cross_clear_r8__lead_cont_r4,C,0.252021,0.211769,0.1597,1.531,0.875
block_nec_r1__cross_clear_r6,C,0.159962,0.133641,0.1645,0.875,0.625
block_nec_r5__lead_opt_r11,C,0.162793,0.133306,0.1811,1.125,0.562
cross_stall_r1__lead_cont_r3,C,0.339682,0.297134,0.1253,1.469,0.875
block_nec_r1__cross_clear_r5,C,0.174032,0.155585,0.106,0.875,0.5
block_cont_r11__lead_cont_r4,C,0.17591,0.141933,0.1931,1.75,0.875
lead_cont_r10__temp_opt_r3,C,0.325257,0.27652,0.1498,1.594,0.875
cross_clear_r5__temp_opt_r7,C,0.165094,0.147014,0.1095,1.125,0.625
cross_clear_r6__lead_cont_r3,C,0.208203,0.162139,0.2212,1.656,0.875
cross_stall_occ_r2__lead_nec_r10,C,0.346133,0.311454,0.1002,1.469,0.812
cross_clear_r4__lead_cont_r8,C,0.275494,0.241386,0.1238,1.469,0.812
block_nec_r7__cross_stall_occ_r12,C,0.318969,0.264977,0.1693,1.594,1.0
block_nec_r12__cross_clear_r5,C,0.155662,0.125674,0.1926,1.125,0.688
cross_stall_occ_r2__lead_opt_r5,C,0.35039,0.316118,0.0978,1.531,0.938
cross_clear_r12__lead_cont_r3,C,0.207206,0.170737,0.176,1.656,0.875
cross_clear_r12__lead_nec_r9,C,0.178797,0.144088,0.1941,1.125,0.562
cross_stall_occ_r12__lead_nec_r9,C,0.349134,0.273675,0.2161,1.969,1.0
cross_clear_r8__lead_cont_r12,C,0.303725,0.257739,0.1514,1.938,1.0
block_cont_r10__lead_opt_r10,C,0.347768,0.300913,0.1347,1.562,0.875
cross_stall_occ_r3__lead_opt_r8,C,0.332594,0.306602,0.0781,1.156,0.625
cross_stall_occ_r8__lead_nec_r11,C,0.344293,0.309254,0.1018,1.469,0.875
lead_cont_r4__temp_opt_r5,C,0.323273,0.280748,0.1315,1.625,0.875
block_nec_r3__cross_clear_r6,C,0.159116,0.127184,0.2007,1.0,0.625
block_cont_r4__cross_clear_r5,C,0.257618,0.225927,0.123,1.312,0.812
block_nec_r11__cross_stall_occ_r4,C,0.318374,0.252353,0.2074,1.75,0.875
cross_stall_r2__lead_cont_r5,C,0.335789,0.285643,0.1493,1.688,1.0
block_nec_r5__cross_stall_occ_r11,C,0.324117,0.274037,0.1545,1.781,1.0
block_cont_r9__cross_clear_r5,C,0.273649,0.247277,0.0964,1.344,0.938
block_cont_r4__lead_opt_r1,C,0.345013,0.282848,0.1802,1.625,0.875
cross_stall_occ_r10__lead_opt_r3,C,0.330833,0.300559,0.0915,1.281,0.812
cross_stall_occ_r3__lead_opt_r10,C,0.339358,0.305365,0.1002,1.406,0.875
cross_stall_r8__lead_cont_r4,C,0.331475,0.279238,0.1576,1.625,0.875
