state_id,probe_action,successor_valid,successor_s,successor_v,successor_mode,lane_change_elapsed
c1_block_cont_01,U0,1,4.0,2.0,0,0.0
c1_block_cont_01,U1,1,5.0,4.0,0,0.0
c1_block_cont_01,U2,1,6.0,6.0,0,0.0
c1_block_cont_01,U3,1,6.75,7.5,0,0.0
c1_block_cont_01,U4,1,4.0,2.0,1,1.0
c1_block_cont_01,U5,1,5.0,4.0,1,1.0
c1_block_cont_01,U6,1,6.0,6.0,1,1.0
c1_block_cont_01,U7,1,6.75,7.5,1,1.0
c1_block_cont_02,U0,1,4.0,2.0,0,0.0
c1_block_cont_02,U1,1,5.0,4.0,0,0.0
c1_block_cont_02,U2,1,6.0,6.0,0,0.0
c1_block_cont_02,U3,1,6.75,7.5,0,0.0
c1_block_cont_02,U4,1,4.0,2.0,1,1.0
c1_block_cont_02,U5,1,5.0,4.0,1,1.0
c1_block_cont_02,U6,1,6.0,6.0,1,1.0
c1_block_cont_02,U7,1,6.75,7.5,1,1.0
c1_block_cont_03,U0,1,5.0,3.0,0,0.0
c1_block_cont_03,U1,1,6.0,5.0,0,0.0
c1_block_cont_03,U2,1,7.0,7.0,0,0.0
c1_block_cont_03,U3,1,7.75,8.5,0,0.0
c1_block_cont_03,U4,1,5.0,3.0,1,1.0
c1_block_cont_03,U5,1,6.0,5.0,1,1.0
c1_block_cont_03,U6,1,7.0,7.0,1,1.0
c1_block_cont_03,U7,1,7.75,8.5,1,1.0
c1_block_cont_04,U0,1,5.0,3.0,0,0.0
c1_block_cont_04,U1,1,6.0,5.0,0,0.0
c1_block_cont_04,U2,1,7.0,7.0,0,0.0
c1_block_cont_04,U3,1,7.75,8.5,0,0.0
c1_block_cont_04,U4,1,5.0,3.0,1,1.0
c1_block_cont_04,U5,1,6.0,5.0,1,1.0
c1_block_cont_04,U6,1,7.0,7.0,1,1.0
c1_block_cont_04,U7,1,7.75,8.5,1,1.0
c1_block_cont_05,U0,1,6.0,4.0,0,0.0
c1_block_cont_05,U1,1,7.0,6.0,0,0.0
c1_block_cont_05,U2,1,8.0,8.0,0,0.0
c1_block_cont_05,U3,1,8.75,9.5,0,0.0
c1_block_cont_05,U4,1,6.0,4.0,1,1.0
c1_block_cont_05,U5,1,7.0,6.0,1,1.0
c1_block_cont_05,U6,1,8.0,8.0,1,1.0
c1_block_cont_05,U7,1,8.75,9.5,1,1.0
c1_block_cont_06,U0,1,6.0,4.0,0,0.0
c1_block_cont_06,U1,1,7.0,6.0,0,0.0
c1_block_cont_06,U2,1,8.0,8.0,0,0.0
c1_block_cont_06,U3,1,8.75,9.5,0,0.0
c1_block_cont_06,U4,1,6.0,4.0,1,1.0
c1_block_cont_06,U5,1,7.0,6.0,1,1.0
c1_block_cont_06,U6,1,8.0,8.0,1,1.0
c1_block_cont_06,U7,1,8.75,9.5,1,1.0
c1_block_cont_07,U0,1,7.0,5.0,0,0.0
c1_block_cont_07,U1,1,8.0,7.0,0,0.0
c1_block_cont_07,U2,1,9.0,9.0,0,0.0
c1_block_cont_07,U3,1,9.75,10.5,0,0.0
c1_block_cont_07,U4,1,7.0,5.0,1,1.0
c1_block_cont_07,U5,1,8.0,7.0,1,1.0
c1_block_cont_07,U6,1,9.0,9.0,1,1.0
c1_block_cont_07,U7,1,9.75,10.5,1,1.0
c1_block_cont_08,U0,1,7.0,5.0,0,0.0
c1_block_cont_08,U1,1,8.0,7.0,0,0.0
c1_block_cont_08,U2,1,9.0,9.0,0,0.0
c1_block_cont_08,U3,1,9.75,10.5,0,0.0
c1_block_cont_08,U4,1,7.0,5.0,1,1.0
c1_block_cont_08,U5,1,8.0,7.0,1,1.0
c1_block_cont_08,U6,1,9.0,9.0,1,1.0
c1_block_cont_08,U7,1,9.75,10.5,1,1.0
c1_block_nec_01,U0,1,4.0,2.0,0,0.0
c1_block_nec_01,U1,1,5.0,4.0,0,0.0
c1_block_nec_01,U2,1,6.0,6.0,0,0.0
c1_block_nec_01,U3,1,6.75,7.5,0,0.0
c1_block_nec_01,U4,1,4.0,2.0,1,1.0
c1_block_nec_01,U5,1,5.0,4.0,1,1.0
c1_block_nec_01,U6,1,6.0,6.0,1,1.0
c1_block_nec_01,U7,1,6.75,7.5,1,1.0
c1_block_nec_02,U0,1,4.0,2.0,0,0.0
c1_block_nec_02,U1,1,5.0,4.0,0,0.0
c1_block_nec_02,U2,1,6.0,6.0,0,0.0
c1_block_nec_02,U3,1,6.75,7.5,0,0.0
c1_block_nec_02,U4,1,4.0,2.0,1,1.0
c1_block_nec_02,U5,1,5.0,4.0,1,1.0
c1_block_nec_02,U6,1,6.0,6.0,1,1.0
c1_block_nec_02,U7,1,6.75,7.5,1,1.0
c1_block_nec_03,U0,1,5.0,3.0,0,0.0
c1_block_nec_03,U1,1,6.0,5.0,0,0.0
c1_block_nec_03,U2,1,7.0,7.0,0,0.0
c1_block_nec_03,U3,1,7.75,8.5,0,0.0
c1_block_nec_03,U4,1,5.0,3.0,1,1.0
c1_block_nec_03,U5,1,6.0,5.0,1,1.0
c1_block_nec_03,U6,1,7.0,7.0,1,1.0
c1_block_nec_03,U7,1,7.75,8.5,1,1.0
c1_block_nec_04,U0,1,5.0,3.0,0,0.0
c1_block_nec_04,U1,1,6.0,5.0,0,0.0
c1_block_nec_04,U2,1,7.0,7.0,0,0.0
c1_block_nec_04,U3,1,7.75,8.5,0,0.0
c1_block_nec_04,U4,1,5.0,3.0,1,1.0
c1_block_nec_04,U5,1,6.0,5.0,1,1.0
c1_block_nec_04,U6,1,7.0,7.0,1,1.0
c1_block_nec_04,U7,1,7.75,8.5,1,1.0
c1_block_nec_05,U0,1,6.0,4.0,0,0.0
c1_block_nec_05,U1,1,7.0,6.0,0,0.0
c1_block_nec_05,U2,1,8.0,8.0,0,0.0
c1_block_nec_05,U3,1,8.75,9.5,0,0.0
c1_block_nec_05,U4,1,6.0,4.0,1,1.0
c1_block_nec_05,U5,1,7.0,6.0,1,1.0
c1_block_nec_05,U6,1,8.0,8.0,1,1.0
c1_block_nec_05,U7,1,8.75,9.5,1,1.0
c1_block_nec_06,U0,1,6.0,4.0,0,0.0
c1_block_nec_06,U1,1,7.0,6.0,0,0.0
c1_block_nec_06,U2,1,8.0,8.0,0,0.0
c1_block_nec_06,U3,1,8.75,9.5,0,0.0
c1_block_nec_06,U4,1,6.0,4.0,1,1.0
c1_block_nec_06,U5,1,7.0,6.0,1,1.0
c1_block_nec_06,U6,1,8.0,8.0,1,1.0
c1_block_nec_06,U7,1,8.75,9.5,1,1.0
c1_block_nec_07,U0,1,7.0,5.0,0,0.0
c1_block_nec_07,U1,1,8.0,7.0,0,0.0
c1_block_nec_07,U2,1,9.0,9.0,0,0.0
c1_block_nec_07,U3,1,9.75,10.5,0,0.0
c1_block_nec_07,U4,1,7.0,5.0,1,1.0
c1_block_nec_07,U5,1,8.0,7.0,1,1.0
c1_block_nec_07,U6,1,9.0,9.0,1,1.0
c1_block_nec_07,U7,1,9.75,10.5,1,1.0
c1_block_nec_08,U0,1,7.0,5.0,0,0.0
c1_block_nec_08,U1,1,8.0,7.0,0,0.0
c1_block_nec_08,U2,1,9.0,9.0,0,0.0
c1_block_nec_08,U3,1,9.75,10.5,0,0.0
c1_block_nec_08,U4,1,7.0,5.0,1,1.0
c1_block_nec_08,U5,1,8.0,7.0,1,1.0
c1_block_nec_08,U6,1,9.0,9.0,1,1.0
c1_block_nec_08,U7,1,9.75,10.5,1,1.0
c1_cross_clear_01,U0,1,4.0,2.0,0,0.0
c1_cross_clear_01,U1,1,5.0,4.0,0,0.0
c1_cross_clear_01,U2,1,6.0,6.0,0,0.0
c1_cross_clear_01,U3,1,6.75,7.5,0,0.0
c1_cross_clear_01,U4,1,4.0,2.0,1,1.0
c1_cross_clear_01,U5,1,5.0,4.0,1,1.0
c1_cross_clear_01,U6,1,6.0,6.0,1,1.0
c1_cross_clear_01,U7,1,6.75,7.5,1,1.0
c1_cross_clear_02,U0,1,4.0,2.0,0,0.0
c1_cross_clear_02,U1,1,5.0,4.0,0,0.0
c1_cross_clear_02,U2,1,6.0,6.0,0,0.0
c1_cross_clear_02,U3,1,6.75,7.5,0,0.0
c1_cross_clear_02,U4,1,4.0,2.0,1,1.0
c1_cross_clear_02,U5,1,5.0,4.0,1,1.0
c1_cross_clear_02,U6,1,6.0,6.0,1,1.0
c1_cross_clear_02,U7,1,6.75,7.5,1,1.0
c1_cross_clear_03,U0,1,4.0,2.0,0,0.0
c1_cross_clear_03,U1,1,5.0,4.0,0,0.0
c1_cross_clear_03,U2,1,6.0,6.0,0,0.0
c1_cross_clear_03,U3,1,6.75,7.5,0,0.0
c1_cross_clear_03,U4,1,4.0,2.0,1,1.0
c1_cross_clear_03,U5,1,5.0,4.0,1,1.0
c1_cross_clear_03,U6,1,6.0,6.0,1,1.0
c1_cross_clear_03,U7,1,6.75,7.5,1,1.0
c1_cross_clear_04,U0,1,4.0,2.0,0,0.0
c1_cross_clear_04,U1,1,5.0,4.0,0,0.0
c1_cross_clear_04,U2,1,6.0,6.0,0,0.0
c1_cross_clear_04,U3,1,6.75,7.5,0,0.0
c1_cross_clear_04,U4,1,4.0,2.0,1,1.0
c1_cross_clear_04,U5,1,5.0,4.0,1,1.0
c1_cross_clear_04,U6,1,6.0,6.0,1,1.0
c1_cross_clear_04,U7,1,6.75,7.5,1,1.0
c1_cross_clear_05,U0,1,5.0,3.0,0,0.0
c1_cross_clear_05,U1,1,6.0,5.0,0,0.0
c1_cross_clear_05,U2,1,7.0,7.0,0,0.0
c1_cross_clear_05,U3,1,7.75,8.5,0,0.0
c1_cross_clear_05,U4,1,5.0,3.0,1,1.0
c1_cross_clear_05,U5,1,6.0,5.0,1,1.0
c1_cross_clear_05,U6,1,7.0,7.0,1,1.0
c1_cross_clear_05,U7,1,7.75,8.5,1,1.0
c1_cross_clear_06,U0,1,5.0,3.0,0,0.0
c1_cross_clear_06,U1,1,6.0,5.0,0,0.0
c1_cross_clear_06,U2,1,7.0,7.0,0,0.0
c1_cross_clear_06,U3,1,7.75,8.5,0,0.0
c1_cross_clear_06,U4,1,5.0,3.0,1,1.0
c1_cross_clear_06,U5,1,6.0,5.0,1,1.0
c1_cross_clear_06,U6,1,7.0,7.0,1,1.0
c1_cross_clear_06,U7,1,7.75,8.5,1,1.0
c1_cross_clear_07,U0,1,6.0,4.0,0,0.0
c1_cross_clear_07,U1,1,7.0,6.0,0,0.0
c1_cross_clear_07,U2,1,8.0,8.0,0,0.0
c1_cross_clear_07,U3,1,8.75,9.5,0,0.0
c1_cross_clear_07,U4,1,6.0,4.0,1,1.0
c1_cross_clear_07,U5,1,7.0,6.0,1,1.0
c1_cross_clear_07,U6,1,8.0,8.0,1,1.0
c1_cross_clear_07,U7,1,8.75,9.5,1,1.0
c1_cross_clear_08,U0,1,6.0,4.0,0,0.0
c1_cross_clear_08,U1,1,7.0,6.0,0,0.0
c1_cross_clear_08,U2,1,8.0,8.0,0,0.0
c1_cross_clear_08,U3,1,8.75,9.5,0,0.0
c1_cross_clear_08,U4,1,6.0,4.0,1,1.0
c1_cross_clear_08,U5,1,7.0,6.0,1,1.0
c1_cross_clear_08,U6,1,8.0,8.0,1,1.0
c1_cross_clear_08,U7,1,8.75,9.5,1,1.0
c1_cross_stall_01,U0,1,4.0,2.0,0,0.0
c1_cross_stall_01,U1,1,5.0,4.0,0,0.0
c1_cross_stall_01,U2,1,6.0,6.0,0,0.0
c1_cross_stall_01,U3,1,6.75,7.5,0,0.0
c1_cross_stall_01,U4,1,4.0,2.0,1,1.0
c1_cross_stall_01,U5,1,5.0,4.0,1,1.0
c1_cross_stall_01,U6,1,6.0,6.0,1,1.0
c1_cross_stall_01,U7,1,6.75,7.5,1,1.0
c1_cross_stall_02,U0,1,4.0,2.0,0,0.0
c1_cross_stall_02,U1,1,5.0,4.0,0,0.0
c1_cross_stall_02,U2,1,6.0,6.0,0,0.0
c1_cross_stall_02,U3,1,6.75,7.5,0,0.0
c1_cross_stall_02,U4,1,4.0,2.0,1,1.0
c1_cross_stall_02,U5,1,5.0,4.0,1,1.0
c1_cross_stall_02,U6,1,6.0,6.0,1,1.0
c1_cross_stall_02,U7,1,6.75,7.5,1,1.0
c1_cross_stall_03,U0,1,4.0,2.0,0,0.0
c1_cross_stall_03,U1,1,5.0,4.0,0,0.0
c1_cross_stall_03,U2,1,6.0,6.0,0,0.0
c1_cross_stall_03,U3,1,6.75,7.5,0,0.0
c1_cross_stall_03,U4,1,4.0,2.0,1,1.0
c1_cross_stall_03,U5,1,5.0,4.0,1,1.0
c1_cross_stall_03,U6,1,6.0,6.0,1,1.0
c1_cross_stall_03,U7,1,6.75,7.5,1,1.0
c1_cross_stall_04,U0,1,5.0,3.0,0,0.0
c1_cross_stall_04,U1,1,6.0,5.0,0,0.0
c1_cross_stall_04,U2,1,7.0,7.0,0,0.0
c1_cross_stall_04,U3,1,7.75,8.5,0,0.0
c1_cross_stall_04,U4,1,5.0,3.0,1,1.0
c1_cross_stall_04,U5,1,6.0,5.0,1,1.0
c1_cross_stall_04,U6,1,7.0,7.0,1,1.0
c1_cross_stall_04,U7,1,7.75,8.5,1,1.0
c1_cross_stall_05,U0,1,5.0,3.0,0,0.0
c1_cross_stall_05,U1,1,6.0,5.0,0,0.0
c1_cross_stall_05,U2,1,7.0,7.0,0,0.0
c1_cross_stall_05,U3,1,7.75,8.5,0,0.0
c1_cross_stall_05,U4,1,5.0,3.0,1,1.0
c1_cross_stall_05,U5,1,6.0,5.0,1,1.0
c1_cross_stall_05,U6,1,7.0,7.0,1,1.0
c1_cross_stall_05,U7,1,7.75,8.5,1,1.0
c1_cross_stall_06,U0,1,5.0,3.0,0,0.0
c1_cross_stall_06,U1,1,6.0,5.0,0,0.0
c1_cross_stall_06,U2,1,7.0,7.0,0,0.0
c1_cross_stall_06,U3,1,7.75,8.5,0,0.0
c1_cross_stall_06,U4,1,5.0,3.0,1,1.0
c1_cross_stall_06,U5,1,6.0,5.0,1,1.0
c1_cross_stall_06,U6,1,7.0,7.0,1,1.0
c1_cross_stall_06,U7,1,7.75,8.5,1,1.0
c1_cross_stall_07,U0,1,6.0,4.0,0,0.0
c1_cross_stall_07,U1,1,7.0,6.0,0,0.0
c1_cross_stall_07,U2,1,8.0,8.0,0,0.0
c1_cross_stall_07,U3,1,8.75,9.5,0,0.0
c1_cross_stall_07,U4,1,6.0,4.0,1,1.0
c1_cross_stall_07,U5,1,7.0,6.0,1,1.0
c1_cross_stall_07,U6,1,8.0,8.0,1,1.0
c1_cross_stall_07,U7,1,8.75,9.5,1,1.0
c1_cross_stall_08,U0,1,6.0,4.0,0,0.0
c1_cross_stall_08,U1,1,7.0,6.0,0,0.0
c1_cross_stall_08,U2,1,8.0,8.0,0,0.0
c1_cross_stall_08,U3,1,8.75,9.5,0,0.0
c1_cross_stall_08,U4,1,6.0,4.0,1,1.0
c1_cross_stall_08,U5,1,7.0,6.0,1,1.0
c1_cross_stall_08,U6,1,8.0,8.0,1,1.0
c1_cross_stall_08,U7,1,8.75,9.5,1,1.0
c1_cross_stall_occ_01,U0,1,4.0,2.0,0,0.0
c1_cross_stall_occ_01,U1,1,5.0,4.0,0,0.0
c1_cross_stall_occ_01,U2,1,6.0,6.0,0,0.0
c1_cross_stall_occ_01,U3,1,6.75,7.5,0,0.0
c1_cross_stall_occ_01,U4,1,4.0,2.0,1,1.0
c1_cross_stall_occ_01,U5,1,5.0,4.0,1,1.0
c1_cross_stall_occ_01,U6,1,6.0,6.0,1,1.0
c1_cross_stall_occ_01,U7,1,6.75,7.5,1,1.0
c1_cross_stall_occ_02,U0,1,4.0,2.0,0,0.0
c1_cross_stall_occ_02,U1,1,5.0,4.0,0,0.0
c1_cross_stall_occ_02,U2,1,6.0,6.0,0,0.0
c1_cross_stall_occ_02,U3,1,6.75,7.5,0,0.0
c1_cross_stall_occ_02,U4,1,4.0,2.0,1,1.0
c1_cross_stall_occ_02,U5,1,5.0,4.0,1,1.0
c1_cross_stall_occ_02,U6,1,6.0,6.0,1,1.0
c1_cross_stall_occ_02,U7,1,6.75,7.5,1,1.0
c1_cross_stall_occ_03,U0,1,5.0,3.0,0,0.0
c1_cross_stall_occ_03,U1,1,6.0,5.0,0,0.0
c1_cross_stall_occ_03,U2,1,7.0,7.0,0,0.0
c1_cross_stall_occ_03,U3,1,7.75,8.5,0,0.0
c1_cross_stall_occ_03,U4,1,5.0,3.0,1,1.0
c1_cross_stall_occ_03,U5,1,6.0,5.0,1,1.0
c1_cross_stall_occ_03,U6,1,7.0,7.0,1,1.0
c1_cross_stall_occ_03,U7,1,7.75,8.5,1,1.0
c1_cross_stall_occ_04,U0,1,5.0,3.0,0,0.0
c1_cross_stall_occ_04,U1,1,6.0,5.0,0,0.0
c1_cross_stall_occ_04,U2,1,7.0,7.0,0,0.0
c1_cross_stall_occ_04,U3,1,7.75,8.5,0,0.0
c1_cross_stall_occ_04,U4,1,5.0,3.0,1,1.0
c1_cross_stall_occ_04,U5,1,6.0,5.0,1,1.0
c1_cross_stall_occ_04,U6,1,7.0,7.0,1,1.0
c1_cross_stall_occ_04,U7,1,7.75,8.5,1,1.0
c1_cross_stall_occ_05,U0,1,6.0,4.0,0,0.0
c1_cross_stall_occ_05,U1,1,7.0,6.0,0,0.0
c1_cross_stall_occ_05,U2,1,8.0,8.0,0,0.0
c1_cross_stall_occ_05,U3,1,8.75,9.5,0,0.0
c1_cross_stall_occ_05,U4,1,6.0,4.0,1,1.0
c1_cross_stall_occ_05,U5,1,7.0,6.0,1,1.0
c1_cross_stall_occ_05,U6,1,8.0,8.0,1,1.0
c1_cross_stall_occ_05,U7,1,8.75,9.5,1,1.0
c1_cross_stall_occ_06,U0,1,6.0,4.0,0,0.0
c1_cross_stall_occ_06,U1,1,7.0,6.0,0,0.0
c1_cross_stall_occ_06,U2,1,8.0,8.0,0,0.0
c1_cross_stall_occ_06,U3,1,8.75,9.5,0,0.0
c1_cross_stall_occ_06,U4,1,6.0,4.0,1,1.0
c1_cross_stall_occ_06,U5,1,7.0,6.0,1,1.0
c1_cross_stall_occ_06,U6,1,8.0,8.0,1,1.0
c1_cross_stall_occ_06,U7,1,8.75,9.5,1,1.0
c1_cross_stall_occ_07,U0,1,4.0,2.0,0,0.0
c1_cross_stall_occ_07,U1,1,5.0,4.0,0,0.0
c1_cross_stall_occ_07,U2,1,6.0,6.0,0,0.0
c1_cross_stall_occ_07,U3,1,6.75,7.5,0,0.0
c1_cross_stall_occ_07,U4,1,4.0,2.0,1,1.0
c1_cross_stall_occ_07,U5,1,5.0,4.0,1,1.0
c1_cross_stall_occ_07,U6,1,6.0,6.0,1,1.0
c1_cross_stall_occ_07,U7,1,6.75,7.5,1,1.0
c1_cross_stall_occ_08,U0,1,5.0,3.0,0,0.0
c1_cross_stall_occ_08,U1,1,6.0,5.0,0,0.0
c1_cross_stall_occ_08,U2,1,7.0,7.0,0,0.0
c1_cross_stall_occ_08,U3,1,7.75,8.5,0,0.0
c1_cross_stall_occ_08,U4,1,5.0,3.0,1,1.0
c1_cross_stall_occ_08,U5,1,6.0,5.0,1,1.0
c1_cross_stall_occ_08,U6,1,7.0,7.0,1,1.0
c1_cross_stall_occ_08,U7,1,7.75,8.5,1,1.0
c1_lead_cont_01,U0,1,4.0,2.0,0,0.0
c1_lead_cont_01,U1,1,5.0,4.0,0,0.0
c1_lead_cont_01,U2,1,6.0,6.0,0,0.0
c1_lead_cont_01,U3,1,6.75,7.5,0,0.0
c1_lead_cont_01,U4,1,4.0,2.0,1,1.0
c1_lead_cont_01,U5,1,5.0,4.0,1,1.0
c1_lead_cont_01,U6,1,6.0,6.0,1,1.0
c1_lead_cont_01,U7,1,6.75,7.5,1,1.0
c1_lead_cont_02,U0,1,4.0,2.0,0,0.0
c1_lead_cont_02,U1,1,5.0,4.0,0,0.0
c1_lead_cont_02,U2,1,6.0,6.0,0,0.0
c1_lead_cont_02,U3,1,6.75,7.5,0,0.0
c1_lead_cont_02,U4,1,4.0,2.0,1,1.0
c1_lead_cont_02,U5,1,5.0,4.0,1,1.0
c1_lead_cont_02,U6,1,6.0,6.0,1,1.0
c1_lead_cont_02,U7,1,6.75,7.5,1,1.0
c1_lead_cont_03,U0,1,5.0,3.0,0,0.0
c1_lead_cont_03,U1,1,6.0,5.0,0,0.0
c1_lead_cont_03,U2,1,7.0,7.0,0,0.0
c1_lead_cont_03,U3,1,7.75,8.5,0,0.0
c1_lead_cont_03,U4,1,5.0,3.0,1,1.0
c1_lead_cont_03,U5,1,6.0,5.0,1,1.0
c1_lead_cont_03,U6,1,7.0,7.0,1,1.0
c1_lead_cont_03,U7,1,7.75,8.5,1,1.0
c1_lead_cont_04,U0,1,5.0,3.0,0,0.0
c1_lead_cont_04,U1,1,6.0,5.0,0,0.0
c1_lead_cont_04,U2,1,7.0,7.0,0,0.0
c1_lead_cont_04,U3,1,7.75,8.5,0,0.0
c1_lead_cont_04,U4,1,5.0,3.0,1,1.0
c1_lead_cont_04,U5,1,6.0,5.0,1,1.0
c1_lead_cont_04,U6,1,7.0,7.0,1,1.0
c1_lead_cont_04,U7,1,7.75,8.5,1,1.0
c1_lead_cont_05,U0,1,6.0,4.0,0,0.0
c1_lead_cont_05,U1,1,7.0,6.0,0,0.0
c1_lead_cont_05,U2,1,8.0,8.0,0,0.0
c1_lead_cont_05,U3,1,8.75,9.5,0,0.0
c1_lead_cont_05,U4,1,6.0,4.0,1,1.0
c1_lead_cont_05,U5,1,7.0,6.0,1,1.0
c1_lead_cont_05,U6,1,8.0,8.0,1,1.0
c1_lead_cont_05,U7,1,8.75,9.5,1,1.0
c1_lead_cont_06,U0,1,6.0,4.0,0,0.0
c1_lead_cont_06,U1,1,7.0,6.0,0,0.0
c1_lead_cont_06,U2,1,8.0,8.0,0,0.0
c1_lead_cont_06,U3,1,8.75,9.5,0,0.0
c1_lead_cont_06,U4,1,6.0,4.0,1,1.0
c1_lead_cont_06,U5,1,7.0,6.0,1,1.0
c1_lead_cont_06,U6,1,8.0,8.0,1,1.0
c1_lead_cont_06,U7,1,8.75,9.5,1,1.0
c1_lead_cont_07,U0,1,7.0,5.0,0,0.0
c1_lead_cont_07,U1,1,8.0,7.0,0,0.0
c1_lead_cont_07,U2,1,9.0,9.0,0,0.0
c1_lead_cont_07,U3,1,9.75,10.5,0,0.0
c1_lead_cont_07,U4,1,7.0,5.0,1,1.0
c1_lead_cont_07,U5,1,8.0,7.0,1,1.0
c1_lead_cont_07,U6,1,9.0,9.0,1,1.0
c1_lead_cont_07,U7,1,9.75,10.5,1,1.0
c1_lead_cont_08,U0,1,7.0,5.0,0,0.0
c1_lead_cont_08,U1,1,8.0,7.0,0,0.0
c1_lead_cont_08,U2,1,9.0,9.0,0,0.0
c1_lead_cont_08,U3,1,9.75,10.5,0,0.0
c1_lead_cont_08,U4,1,7.0,5.0,1,1.0
c1_lead_cont_08,U5,1,8.0,7.0,1,1.0
c1_lead_cont_08,U6,1,9.0,9.0,1,1.0
c1_lead_cont_08,U7,1,9.75,10.5,1,1.0
c1_lead_nec_01,U0,1,4.0,2.0,0,0.0
c1_lead_nec_01,U1,1,5.0,4.0,0,0.0
c1_lead_nec_01,U2,1,6.0,6.0,0,0.0
c1_lead_nec_01,U3,1,6.75,7.5,0,0.0
c1_lead_nec_01,U4,1,4.0,2.0,1,1.0
c1_lead_nec_01,U5,1,5.0,4.0,1,1.0
c1_lead_nec_01,U6,1,6.0,6.0,1,1.0
c1_lead_nec_01,U7,1,6.75,7.5,1,1.0
c1_lead_nec_02,U0,1,4.0,2.0,0,0.0
c1_lead_nec_02,U1,1,5.0,4.0,0,0.0
c1_lead_nec_02,U2,1,6.0,6.0,0,0.0
c1_lead_nec_02,U3,1,6.75,7.5,0,0.0
c1_lead_nec_02,U4,1,4.0,2.0,1,1.0
c1_lead_nec_02,U5,1,5.0,4.0,1,1.0
c1_lead_nec_02,U6,1,6.0,6.0,1,1.0
c1_lead_nec_02,U7,1,6.75,7.5,1,1.0
c1_lead_nec_03,U0,1,5.0,3.0,0,0.0
c1_lead_nec_03,U1,1,6.0,5.0,0,0.0
c1_lead_nec_03,U2,1,7.0,7.0,0,0.0
c1_lead_nec_03,U3,1,7.75,8.5,0,0.0
c1_lead_nec_03,U4,1,5.0,3.0,1,1.0
c1_lead_nec_03,U5,1,6.0,5.0,1,1.0
c1_lead_nec_03,U6,1,7.0,7.0,1,1.0
c1_lead_nec_03,U7,1,7.75,8.5,1,1.0
c1_lead_nec_04,U0,1,5.0,3.0,0,0.0
c1_lead_nec_04,U1,1,6.0,5.0,0,0.0
c1_lead_nec_04,U2,1,7.0,7.0,0,0.0
c1_lead_nec_04,U3,1,7.75,8.5,0,0.0
c1_lead_nec_04,U4,1,5.0,3.0,1,1.0
c1_lead_nec_04,U5,1,6.0,5.0,1,1.0
c1_lead_nec_04,U6,1,7.0,7.0,1,1.0
c1_lead_nec_04,U7,1,7.75,8.5,1,1.0
c1_lead_nec_05,U0,1,6.0,4.0,0,0.0
c1_lead_nec_05,U1,1,7.0,6.0,0,0.0
c1_lead_nec_05,U2,1,8.0,8.0,0,0.0
c1_lead_nec_05,U3,1,8.75,9.5,0,0.0
c1_lead_nec_05,U4,1,6.0,4.0,1,1.0
c1_lead_nec_05,U5,1,7.0,6.0,1,1.0
c1_lead_nec_05,U6,1,8.0,8.0,1,1.0
c1_lead_nec_05,U7,1,8.75,9.5,1,1.0
c1_lead_nec_06,U0,1,6.0,4.0,0,0.0
c1_lead_nec_06,U1,1,7.0,6.0,0,0.0
c1_lead_nec_06,U2,1,8.0,8.0,0,0.0
c1_lead_nec_06,U3,1,8.75,9.5,0,0.0
c1_lead_nec_06,U4,1,6.0,4.0,1,1.0
c1_lead_nec_06,U5,1,7.0,6.0,1,1.0
c1_lead_nec_06,U6,1,8.0,8.0,1,1.0
c1_lead_nec_06,U7,1,8.75,9.5,1,1.0
c1_lead_nec_07,U0,1,7.0,5.0,0,0.0
c1_lead_nec_07,U1,1,8.0,7.0,0,0.0
c1_lead_nec_07,U2,1,9.0,9.0,0,0.0
c1_lead_nec_07,U3,1,9.75,10.5,0,0.0
c1_lead_nec_07,U4,1,7.0,5.0,1,1.0
c1_lead_nec_07,U5,1,8.0,7.0,1,1.0
c1_lead_nec_07,U6,1,9.0,9.0,1,1.0
c1_lead_nec_07,U7,1,9.75,10.5,1,1.0
c1_lead_nec_08,U0,1,7.0,5.0,0,0.0
c1_lead_nec_08,U1,1,8.0,7.0,0,0.0
c1_lead_nec_08,U2,1,9.0,9.0,0,0.0
c1_lead_nec_08,U3,1,9.75,10.5,0,0.0
c1_lead_nec_08,U4,1,7.0,5.0,1,1.0
c1_lead_nec_08,U5,1,8.0,7.0,1,1.0
c1_lead_nec_08,U6,1,9.0,9.0,1,1.0
c1_lead_nec_08,U7,1,9.75,10.5,1,1.0
c1_lead_opt_01,U0,1,4.0,2.0,0,0.0
c1_lead_opt_01,U1,1,5.0,4.0,0,0.0
c1_lead_opt_01,U2,1,6.0,6.0,0,0.0
c1_lead_opt_01,U3,1,6.75,7.5,0,0.0
c1_lead_opt_01,U4,1,4.0,2.0,1,1.0
c1_lead_opt_01,U5,1,5.0,4.0,1,1.0
c1_lead_opt_01,U6,1,6.0,6.0,1,1.0
c1_lead_opt_01,U7,1,6.75,7.5,1,1.0
c1_lead_opt_02,U0,1,4.0,2.0,0,0.0
c1_lead_opt_02,U1,1,5.0,4.0,0,0.0
c1_lead_opt_02,U2,1,6.0,6.0,0,0.0
c1_lead_opt_02,U3,1,6.75,7.5,0,0.0
c1_lead_opt_02,U4,1,4.0,2.0,1,1.0
c1_lead_opt_02,U5,1,5.0,4.0,1,1.0
c1_lead_opt_02,U6,1,6.0,6.0,1,1.0
c1_lead_opt_02,U7,1,6.75,7.5,1,1.0
c1_lead_opt_03,U0,1,5.0,3.0,0,0.0
c1_lead_opt_03,U1,1,6.0,5.0,0,0.0
c1_lead_opt_03,U2,1,7.0,7.0,0,0.0
c1_lead_opt_03,U3,1,7.75,8.5,0,0.0
c1_lead_opt_03,U4,1,5.0,3.0,1,1.0
c1_lead_opt_03,U5,1,6.0,5.0,1,1.0
c1_lead_opt_03,U6,1,7.0,7.0,1,1.0
c1_lead_opt_03,U7,1,7.75,8.5,1,1.0
c1_lead_opt_04,U0,1,5.0,3.0,0,0.0
c1_lead_opt_04,U1,1,6.0,5.0,0,0.0
c1_lead_opt_04,U2,1,7.0,7.0,0,0.0
c1_lead_opt_04,U3,1,7.75,8.5,0,0.0
c1_lead_opt_04,U4,1,5.0,3.0,1,1.0
c1_lead_opt_04,U5,1,6.0,5.0,1,1.0
c1_lead_opt_04,U6,1,7.0,7.0,1,1.0
c1_lead_opt_04,U7,1,7.75,8.5,1,1.0
c1_lead_opt_05,U0,1,6.0,4.0,0,0.0
c1_lead_opt_05,U1,1,7.0,6.0,0,0.0
c1_lead_opt_05,U2,1,8.0,8.0,0,0.0
c1_lead_opt_05,U3,1,8.75,9.5,0,0.0
c1_lead_opt_05,U4,1,6.0,4.0,1,1.0
c1_lead_opt_05,U5,1,7.0,6.0,1,1.0
c1_lead_opt_05,U6,1,8.0,8.0,1,1.0
c1_lead_opt_05,U7,1,8.75,9.5,1,1.0
c1_lead_opt_06,U0,1,6.0,4.0,0,0.0
c1_lead_opt_06,U1,1,7.0,6.0,0,0.0
c1_lead_opt_06,U2,1,8.0,8.0,0,0.0
c1_lead_opt_06,U3,1,8.75,9.5,0,0.0
c1_lead_opt_06,U4,1,6.0,4.0,1,1.0
c1_lead_opt_06,U5,1,7.0,6.0,1,1.0
c1_lead_opt_06,U6,1,8.0,8.0,1,1.0
c1_lead_opt_06,U7,1,8.75,9.5,1,1.0
c1_lead_opt_07,U0,1,7.0,5.0,0,0.0
c1_lead_opt_07,U1,1,8.0,7.0,0,0.0
c1_lead_opt_07,U2,1,9.0,9.0,0,0.0
c1_lead_opt_07,U3,1,9.75,10.5,0,0.0
c1_lead_opt_07,U4,1,7.0,5.0,1,1.0
c1_lead_opt_07,U5,1,8.0,7.0,1,1.0
c1_lead_opt_07,U6,1,9.0,9.0,1,1.0
c1_lead_opt_07,U7,1,9.75,10.5,1,1.0
c1_lead_opt_08,U0,1,7.0,5.0,0,0.0
c1_lead_opt_08,U1,1,8.0,7.0,0,0.0
c1_lead_opt_08,U2,1,9.0,9.0,0,0.0
c1_lead_opt_08,U3,1,9.75,10.5,0,0.0
c1_lead_opt_08,U4,1,7.0,5.0,1,1.0
c1_lead_opt_08,U5,1,8.0,7.0,1,1.0
c1_lead_opt_08,U6,1,9.0,9.0,1,1.0
c1_lead_opt_08,U7,1,9.75,10.5,1,1.0
c1_temp_opt_01,U0,1,4.0,2.0,0,0.0
c1_temp_opt_01,U1,1,5.0,4.0,0,0.0
c1_temp_opt_01,U2,1,6.0,6.0,0,0.0
c1_temp_opt_01,U3,1,6.75,7.5,0,0.0
c1_temp_opt_01,U4,1,4.0,2.0,1,1.0
c1_temp_opt_01,U5,1,5.0,4.0,1,1.0
c1_temp_opt_01,U6,1,6.0,6.0,1,1.0
c1_temp_opt_01,U7,1,6.75,7.5,1,1.0
c1_temp_opt_02,U0,1,4.0,2.0,0,0.0
c1_temp_opt_02,U1,1,5.0,4.0,0,0.0
c1_temp_opt_02,U2,1,6.0,6.0,0,0.0
c1_temp_opt_02,U3,1,6.75,7.5,0,0.0
c1_temp_opt_02,U4,1,4.0,2.0,1,1.0
c1_temp_opt_02,U5,1,5.0,4.0,1,1.0
c1_temp_opt_02,U6,1,6.0,6.0,1,1.0
c1_temp_opt_02,U7,1,6.75,7.5,1,1.0
c1_temp_opt_03,U0,1,4.0,2.0,0,0.0
c1_temp_opt_03,U1,1,5.0,4.0,0,0.0
c1_temp_opt_03,U2,1,6.0,6.0,0,0.0
c1_temp_opt_03,U3,1,6.75,7.5,0,0.0
c1_temp_opt_03,U4,1,4.0,2.0,1,1.0
c1_temp_opt_03,U5,1,5.0,4.0,1,1.0
c1_temp_opt_03,U6,1,6.0,6.0,1,1.0
c1_temp_opt_03,U7,1,6.75,7.5,1,1.0
c1_temp_opt_04,U0,1,5.0,3.0,0,0.0
c1_temp_opt_04,U1,1,6.0,5.0,0,0.0
c1_temp_opt_04,U2,1,7.0,7.0,0,0.0
c1_temp_opt_04,U3,1,7.75,8.5,0,0.0
c1_temp_opt_04,U4,1,5.0,3.0,1,1.0
c1_temp_opt_04,U5,1,6.0,5.0,1,1.0
c1_temp_opt_04,U6,1,7.0,7.0,1,1.0
c1_temp_opt_04,U7,1,7.75,8.5,1,1.0
c1_temp_opt_05,U0,1,5.0,3.0,0,0.0
c1_temp_opt_05,U1,1,6.0,5.0,0,0.0
c1_temp_opt_05,U2,1,7.0,7.0,0,0.0
c1_temp_opt_05,U3,1,7.75,8.5,0,0.0
c1_temp_opt_05,U4,1,5.0,3.0,1,1.0
c1_temp_opt_05,U5,1,6.0,5.0,1,1.0
c1_temp_opt_05,U6,1,7.0,7.0,1,1.0
c1_temp_opt_05,U7,1,7.75,8.5,1,1.0
c1_temp_opt_06,U0,1,6.0,4.0,0,0.0
c1_temp_opt_06,U1,1,7.0,6.0,0,0.0
c1_temp_opt_06,U2,1,8.0,8.0,0,0.0
c1_temp_opt_06,U3,1,8.75,9.5,0,0.0
c1_temp_opt_06,U4,1,6.0,4.0,1,1.0
c1_temp_opt_06,U5,1,7.0,6.0,1,1.0
c1_temp_opt_06,U6,1,8.0,8.0,1,1.0
c1_temp_opt_06,U7,1,8.75,9.5,1,1.0
c1_temp_opt_07,U0,1,6.0,4.0,0,0.0
c1_temp_opt_07,U1,1,7.0,6.0,0,0.0
c1_temp_opt_07,U2,1,8.0,8.0,0,0.0
c1_temp_opt_07,U3,1,8.75,9.5,0,0.0
c1_temp_opt_07,U4,1,6.0,4.0,1,1.0
c1_temp_opt_07,U5,1,7.0,6.0,1,1.0
c1_temp_opt_07,U6,1,8.0,8.0,1,1.0
c1_temp_opt_07,U7,1,8.75,9.5,1,1.0
c1_temp_opt_08,U0,1,7.0,5.0,0,0.0
c1_temp_opt_08,U1,1,8.0,7.0,0,0.0
c1_temp_opt_08,U2,1,9.0,9.0,0,0.0
c1_temp_opt_08,U3,1,9.75,10.5,0,0.0
c1_temp_opt_08,U4,1,7.0,5.0,1,1.0
c1_temp_opt_08,U5,1,8.0,7.0,1,1.0
c1_temp_opt_08,U6,1,9.0,9.0,1,1.0
c1_temp_opt_08,U7,1,9.75,10.5,1,1.0
