scenario_id,file,primary_mechanism,auxiliary,lane_width,ego_speed,evidence
9928daa89a7f867b,9928daa89a7f867b.json,M1_lead_slow_stop,M1_lead_slow_stop,3.106,0.0,"{""M1"": 0.0}"
193973f267c0e3f8,193973f267c0e3f8.json,M1_lead_slow_stop,M1_lead_slow_stop;M6_temp_occupancy,1.735,2.48,"{""M1"": 0.0, ""M6"": 23.06}"
a05540d6a0f4e3ab,a05540d6a0f4e3ab.json,M1_lead_slow_stop,M1_lead_slow_stop,2.991,0.0,"{""M1"": 0.03}"
62bad9e61da6dc44,62bad9e61da6dc44.json,M1_lead_slow_stop,M1_lead_slow_stop,3.717,0.0,"{""M1"": 0.0}"
b01112211aeddce1,b01112211aeddce1.json,M1_lead_slow_stop,M1_lead_slow_stop,3.48,0.0,"{""M1"": 0.0}"
e3b4e3f3a09617e4,e3b4e3f3a09617e4.json,M1_lead_slow_stop,M1_lead_slow_stop;M5_merge,3.378,6.17,"{""M1"": 1.22, ""M5"": [-23.76, 12.75]}"
10fa6689840a045e,10fa6689840a045e.json,M1_lead_slow_stop,M1_lead_slow_stop;M4_cut_in,3.618,0.0,"{""M1"": 0.36, ""M4"": [-3.51]}"
a70f5b2aa2077f39,a70f5b2aa2077f39.json,M1_lead_slow_stop,M1_lead_slow_stop;M2_vehicle_crossing;M3_vru_crossing,1.52,0.02,"{""M1"": 0.0, ""M2"": 94.68, ""M3"": 8.48}"
e527e1e12a9fdc28,e527e1e12a9fdc28.json,M1_lead_slow_stop,M1_lead_slow_stop,3.174,0.33,"{""M1"": 0.0}"
fb6064f3ad03fffb,fb6064f3ad03fffb.json,M1_lead_slow_stop,M1_lead_slow_stop;M5_merge,3.664,12.92,"{""M1"": 5.39, ""M5"": [-34.55, 43.27]}"
ae672ec38ffe80b5,ae672ec38ffe80b5.json,M1_lead_slow_stop,M1_lead_slow_stop,4.708,0.01,"{""M1"": 0.0}"
8191df8947207928,8191df8947207928.json,M1_lead_slow_stop,M1_lead_slow_stop;M5_merge;M6_temp_occupancy,3.29,8.97,"{""M1"": 5.32, ""M5"": [-24.17, 46.45], ""M6"": 3.11}"
6e1e3cbc291ef7,6e1e3cbc291ef7.json,M1_lead_slow_stop,M1_lead_slow_stop,2.963,0.01,"{""M1"": 0.0}"
a3b3a764aab8ba8f,a3b3a764aab8ba8f.json,M1_lead_slow_stop,M2_vehicle_crossing;M5_merge;M1_lead_slow_stop;M6_temp_occupancy,3.299,5.36,"{""M2"": 22.33, ""M5"": [-24.24, 8.86], ""M1"": 0.67, ""M6"": 47.54}"
683cae1a10f71fcd,683cae1a10f71fcd.json,M1_lead_slow_stop,M5_merge;M1_lead_slow_stop,3.742,0.0,"{""M5"": [-77.78, 13.59], ""M1"": 0.02}"
92fac5998e2feef1,92fac5998e2feef1.json,M1_lead_slow_stop,M1_lead_slow_stop,3.399,0.0,"{""M1"": 0.0}"
61e1636e2ab9f43e,61e1636e2ab9f43e.json,M1_lead_slow_stop,M1_lead_slow_stop,2.887,5.88,"{""M1"": 0.0}"
46be633224ba688d,46be633224ba688d.json,M1_lead_slow_stop,M1_lead_slow_stop,3.097,0.44,"{""M1"": 0.02}"
5b48eebb6ae9a031,5b48eebb6ae9a031.json,M1_lead_slow_stop,M1_lead_slow_stop;M2_vehicle_crossing;M6_temp_occupancy,3.069,0.0,"{""M1"": 0.0, ""M2"": 27.15, ""M6"": -33.98}"
5401f9f7a98e3b87,5401f9f7a98e3b87.json,M1_lead_slow_stop,M1_lead_slow_stop,4.106,0.0,"{""M1"": 0.02}"
f2abf57c98faabf3,f2abf57c98faabf3.json,M1_lead_slow_stop,M1_lead_slow_stop,4.103,0.0,"{""M1"": 0.0}"
c99507df4ad4899,c99507df4ad4899.json,M1_lead_slow_stop,M1_lead_slow_stop;M5_merge;M4_cut_in,3.825,9.45,"{""M1"": 1.71, ""M5"": [-38.18, 23.57], ""M4"": [-27.53]}"
3fa0d9d7e10ebb40,3fa0d9d7e10ebb40.json,M1_lead_slow_stop,M1_lead_slow_stop,4.356,0.0,"{""M1"": 0.0}"
2b77998b1f344810,2b77998b1f344810.json,M1_lead_slow_stop,M6_temp_occupancy;M1_lead_slow_stop,2.935,1.2,"{""M6"": 43.34, ""M1"": 0.0}"
1784b3c9084080c2,1784b3c9084080c2.json,M1_lead_slow_stop,M4_cut_in;M1_lead_slow_stop,4.202,0.01,"{""M4"": [-67.47], ""M1"": 0.0}"
d1d63331ff4d4642,d1d63331ff4d4642.json,M1_lead_slow_stop,M2_vehicle_crossing;M1_lead_slow_stop,4.173,9.69,"{""M2"": 8.18, ""M1"": 0.05}"
d37498e9d40b6473,d37498e9d40b6473.json,M1_lead_slow_stop,M1_lead_slow_stop;M4_cut_in;M5_merge,3.353,2.81,"{""M1"": 0.04, ""M4"": [-2.86], ""M5"": [-10.9, 7.55]}"
498676f3a2f5b632,498676f3a2f5b632.json,M1_lead_slow_stop,M1_lead_slow_stop;M5_merge,3.258,12.57,"{""M1"": 4.33, ""M5"": [-51.96, 64.89]}"
c36348cd92f7095b,c36348cd92f7095b.json,M1_lead_slow_stop,M1_lead_slow_stop,3.457,0.0,"{""M1"": 0.0}"
df45bb47c8a8b6fa,df45bb47c8a8b6fa.json,M1_lead_slow_stop,M1_lead_slow_stop;M4_cut_in,2.844,0.0,"{""M1"": 0.0, ""M4"": [57.05]}"
38e85776dd8b8106,38e85776dd8b8106.json,M1_lead_slow_stop,M4_cut_in;M5_merge;M1_lead_slow_stop,3.383,0.0,"{""M4"": [-2.68], ""M5"": [-17.86, 34.05], ""M1"": 0.05}"
8f228d2e5a4fae1e,8f228d2e5a4fae1e.json,M1_lead_slow_stop,M1_lead_slow_stop,3.083,0.0,"{""M1"": 0.0}"
f1eead8948b039b3,f1eead8948b039b3.json,M1_lead_slow_stop,M1_lead_slow_stop,3.434,0.0,"{""M1"": 0.0}"
e0849e47fc78ca2a,e0849e47fc78ca2a.json,M1_lead_slow_stop,M1_lead_slow_stop;M6_temp_occupancy,3.609,1.01,"{""M1"": 0.03, ""M6"": 5.04}"
d63a72ef3cd6a570,d63a72ef3cd6a570.json,M1_lead_slow_stop,M1_lead_slow_stop,3.818,4.92,"{""M1"": 0.03}"
8387e91c8d9ef4e5,8387e91c8d9ef4e5.json,M1_lead_slow_stop,M1_lead_slow_stop;M6_temp_occupancy,3.767,0.67,"{""M1"": 0.02, ""M6"": 4.39}"
a0a7a5764d3e2c97,a0a7a5764d3e2c97.json,M1_lead_slow_stop,M1_lead_slow_stop,3.188,0.0,"{""M1"": 0.0}"
2d25cf74c78398d6,2d25cf74c78398d6.json,M1_lead_slow_stop,M1_lead_slow_stop;M4_cut_in,3.268,0.0,"{""M1"": 0.0, ""M4"": [6.95]}"
90059d0f51151747,90059d0f51151747.json,M1_lead_slow_stop,M1_lead_slow_stop;M5_merge,4.744,6.92,"{""M1"": 0.04, ""M5"": [-28.48, 9.21]}"
cb033836fe55cb71,cb033836fe55cb71.json,M1_lead_slow_stop,M1_lead_slow_stop;M4_cut_in,3.519,7.05,"{""M1"": 0.0, ""M4"": [-49.62]}"
c68ab5161508001f,c68ab5161508001f.json,M1_lead_slow_stop,M1_lead_slow_stop;M5_merge,2.942,10.46,"{""M1"": 0.0, ""M5"": [-48.94, 12.16]}"
aff1b25771a6b4e5,aff1b25771a6b4e5.json,M1_lead_slow_stop,M1_lead_slow_stop;M5_merge,3.033,11.24,"{""M1"": 0.0, ""M5"": [-37.5, 29.73]}"
48176b7209253062,48176b7209253062.json,M1_lead_slow_stop,M6_temp_occupancy;M1_lead_slow_stop;M4_cut_in,3.239,0.0,"{""M6"": -12.9, ""M1"": 0.0, ""M4"": [-29.92]}"
89a5c1dd7b5e34e2,89a5c1dd7b5e34e2.json,M1_lead_slow_stop,M1_lead_slow_stop;M5_merge,3.331,9.63,"{""M1"": 0.02, ""M5"": [-26.62, 25.02]}"
af8d2b2e7bf74387,af8d2b2e7bf74387.json,M1_lead_slow_stop,M1_lead_slow_stop,3.337,0.0,"{""M1"": 0.0}"
533ebc889bf91c14,533ebc889bf91c14.json,M1_lead_slow_stop,M1_lead_slow_stop,3.329,0.0,"{""M1"": 0.0}"
593b60d37e0756a3,593b60d37e0756a3.json,M1_lead_slow_stop,M1_lead_slow_stop,2.994,0.0,"{""M1"": 0.0}"
68fd9de9ecd79093,68fd9de9ecd79093.json,M1_lead_slow_stop,M4_cut_in;M2_vehicle_crossing;M1_lead_slow_stop,3.177,0.0,"{""M4"": [-33.04], ""M2"": 25.52, ""M1"": 0.0}"
8cc706db611c60f3,8cc706db611c60f3.json,M1_lead_slow_stop,M1_lead_slow_stop;M5_merge,3.785,8.76,"{""M1"": 0.01, ""M5"": [-28.12, 30.27]}"
71de99ddf789f26,71de99ddf789f26.json,M1_lead_slow_stop,M3_vru_crossing;M4_cut_in;M1_lead_slow_stop;M6_temp_occupancy,3.333,0.0,"{""M3"": 14.04, ""M4"": [-22.79], ""M1"": 0.0, ""M6"": -35.79}"
f638d14064c977ac,f638d14064c977ac.json,M1_lead_slow_stop,M1_lead_slow_stop;M5_merge,3.623,4.8,"{""M1"": 0.0, ""M5"": [-22.59, 7.23]}"
ba2cae3b8abf2fb7,ba2cae3b8abf2fb7.json,M1_lead_slow_stop,M3_vru_crossing;M6_temp_occupancy;M2_vehicle_crossing;M4_cut_in;M1_lead_slow_stop,4.153,0.0,"{""M3"": 11.66, ""M6"": 11.97, ""M2"": 40.71, ""M4"": [-15.32], ""M1"": 0.0}"
beab8af24d4e6e00,beab8af24d4e6e00.json,M1_lead_slow_stop,M1_lead_slow_stop;M5_merge,3.87,16.02,"{""M1"": 5.64, ""M5"": [-36.82, 59.25]}"
86e4585ee70fd316,86e4585ee70fd316.json,M1_lead_slow_stop,M1_lead_slow_stop,3.288,0.4,"{""M1"": 0.0}"
9c08d46cf7d1aaaa,9c08d46cf7d1aaaa.json,M1_lead_slow_stop,M1_lead_slow_stop;M5_merge,1.08,11.49,"{""M1"": 4.15, ""M5"": [-32.66, 34.5]}"
305237d2a2712dd3,305237d2a2712dd3.json,M1_lead_slow_stop,M1_lead_slow_stop,3.367,0.18,"{""M1"": 0.04}"
422031c4323005cb,422031c4323005cb.json,M1_lead_slow_stop,M1_lead_slow_stop,1.131,10.03,"{""M1"": 0.08}"
4a48386f6b1d24d5,4a48386f6b1d24d5.json,M1_lead_slow_stop,M1_lead_slow_stop,3.514,0.0,"{""M1"": 0.0}"
db8f0c4bca59d849,db8f0c4bca59d849.json,M1_lead_slow_stop,M1_lead_slow_stop;M5_merge,3.754,5.61,"{""M1"": 0.2, ""M5"": [-29.69, 5.95]}"
bb5140b6317d0164,bb5140b6317d0164.json,M1_lead_slow_stop,M1_lead_slow_stop,1.886,0.0,"{""M1"": 0.0}"
86e25df75a6995f4,86e25df75a6995f4.json,M1_lead_slow_stop,M1_lead_slow_stop;M5_merge,3.24,11.31,"{""M1"": 6.44, ""M5"": [-39.48, 43.54]}"
bff5b958fa495b42,bff5b958fa495b42.json,M1_lead_slow_stop,M6_temp_occupancy;M1_lead_slow_stop;M5_merge,3.783,16.26,"{""M6"": 7.22, ""M1"": 8.63, ""M5"": [-61.88, 39.93]}"
cce2b45ecc9a9a23,cce2b45ecc9a9a23.json,M1_lead_slow_stop,M1_lead_slow_stop;M5_merge,3.069,10.03,"{""M1"": 3.65, ""M5"": [-71.41, 5.95]}"
d6619d51e2a9cb2e,d6619d51e2a9cb2e.json,M1_lead_slow_stop,M1_lead_slow_stop;M5_merge,2.995,9.97,"{""M1"": 4.17, ""M5"": [-23.07, 36.44]}"
16423aee2f237dfd,16423aee2f237dfd.json,M1_lead_slow_stop,M1_lead_slow_stop;M2_vehicle_crossing,3.752,0.0,"{""M1"": 0.0, ""M2"": 69.27}"
a7bda27624b52639,a7bda27624b52639.json,M1_lead_slow_stop,M2_vehicle_crossing;M6_temp_occupancy;M4_cut_in;M1_lead_slow_stop,3.464,0.0,"{""M2"": 56.48, ""M6"": -6.06, ""M4"": [-46.89], ""M1"": 0.0}"
94c25b4be74d177b,94c25b4be74d177b.json,M1_lead_slow_stop,M1_lead_slow_stop;M6_temp_occupancy,2.885,0.0,"{""M1"": 0.0, ""M6"": 51.93}"
96a816b2f4b62e88,96a816b2f4b62e88.json,M1_lead_slow_stop,M2_vehicle_crossing;M6_temp_occupancy;M1_lead_slow_stop;M4_cut_in,3.169,1.05,"{""M2"": 57.01, ""M6"": 48.56, ""M1"": 0.02, ""M4"": [43.65]}"
cb86548c32715796,cb86548c32715796.json,M1_lead_slow_stop,M1_lead_slow_stop;M6_temp_occupancy;M5_merge,1.614,15.08,"{""M1"": 3.04, ""M6"": -3.93, ""M5"": [-37.04, 49.49]}"
8f0d6e6621ba2e93,8f0d6e6621ba2e93.json,M1_lead_slow_stop,M1_lead_slow_stop,3.32,1.54,"{""M1"": 0.0}"
b1d458988d0b5eae,b1d458988d0b5eae.json,M1_lead_slow_stop,M1_lead_slow_stop,3.996,0.0,"{""M1"": 0.03}"
46089fa0cbe376a,46089fa0cbe376a.json,M1_lead_slow_stop,M4_cut_in;M2_vehicle_crossing;M1_lead_slow_stop,3.153,0.0,"{""M4"": [31.21], ""M2"": 25.98, ""M1"": 0.0}"
18593071c0511bb8,18593071c0511bb8.json,M1_lead_slow_stop,M1_lead_slow_stop,3.17,9.68,"{""M1"": 0.0}"
ad89a673afcb15ef,ad89a673afcb15ef.json,M1_lead_slow_stop,M1_lead_slow_stop;M5_merge,3.231,16.19,"{""M1"": 8.41, ""M5"": [-50.58, 55.96]}"
bc30f1a4671b4030,bc30f1a4671b4030.json,M1_lead_slow_stop,M1_lead_slow_stop;M5_merge,3.364,11.38,"{""M1"": 6.47, ""M5"": [-62.84, 56.53]}"
d0e6cf812b2c3a6d,d0e6cf812b2c3a6d.json,M1_lead_slow_stop,M1_lead_slow_stop;M6_temp_occupancy;M5_merge,3.968,12.59,"{""M1"": 6.39, ""M6"": 37.0, ""M5"": [-64.52, 72.46]}"
a766c68d1e0bfa43,a766c68d1e0bfa43.json,M1_lead_slow_stop,M1_lead_slow_stop;M5_merge,3.256,1.34,"{""M1"": 0.65, ""M5"": [-7.76, 4.33]}"
6bb19ed8fd73dcaa,6bb19ed8fd73dcaa.json,M1_lead_slow_stop,M6_temp_occupancy;M2_vehicle_crossing;M5_merge;M1_lead_slow_stop,2.965,4.47,"{""M6"": -61.08, ""M2"": 5.69, ""M5"": [-31.51, 10.24], ""M1"": 1.28}"
b06bfeb1c578e77,b06bfeb1c578e77.json,M1_lead_slow_stop,M1_lead_slow_stop,3.647,0.0,"{""M1"": 0.0}"
56ccc5750f15ed5f,56ccc5750f15ed5f.json,M1_lead_slow_stop,M1_lead_slow_stop;M4_cut_in,2.932,0.0,"{""M1"": 0.0, ""M4"": [-14.5]}"
627c9e858445e526,627c9e858445e526.json,M2_vehicle_crossing,M2_vehicle_crossing;M5_merge,3.61,7.01,"{""M2"": 4.04, ""M5"": [-9.49, 58.13]}"
18d655273dfaa17b,18d655273dfaa17b.json,M2_vehicle_crossing,M4_cut_in;M6_temp_occupancy;M2_vehicle_crossing,3.183,18.65,"{""M4"": [6.53], ""M6"": 4.89, ""M2"": 6.19}"
91d61b86be4e7b10,91d61b86be4e7b10.json,M2_vehicle_crossing,M6_temp_occupancy;M2_vehicle_crossing,3.332,0.0,"{""M6"": 38.17, ""M2"": 37.55}"
582aae15098c3428,582aae15098c3428.json,M2_vehicle_crossing,M2_vehicle_crossing;M4_cut_in;M5_merge,3.329,4.26,"{""M2"": 7.05, ""M4"": [-5.86], ""M5"": [-8.46, 27.0]}"
b65a402949fb31f,b65a402949fb31f.json,M2_vehicle_crossing,M6_temp_occupancy;M5_merge;M2_vehicle_crossing;M4_cut_in,5.458,10.98,"{""M6"": -3.84, ""M5"": [-30.44, 60.24], ""M2"": 4.52, ""M4"": [8.63]}"
7b1f6d0bf6e2d1f6,7b1f6d0bf6e2d1f6.json,M2_vehicle_crossing,M5_merge;M2_vehicle_crossing;M4_cut_in;M6_temp_occupancy,3.508,1.23,"{""M5"": [-6.43, 42.48], ""M2"": 16.74, ""M4"": [15.97], ""M6"": -29.93}"
cd8a838bce665a70,cd8a838bce665a70.json,M2_vehicle_crossing,M2_vehicle_crossing;M4_cut_in;M5_merge,3.081,14.98,"{""M2"": 5.14, ""M4"": [5.61], ""M5"": [-65.72, 53.71]}"
b2bbecd9aa7c99d8,b2bbecd9aa7c99d8.json,M2_vehicle_crossing,M2_vehicle_crossing;M5_merge;M6_temp_occupancy,3.217,5.23,"{""M2"": 14.06, ""M5"": [-12.95, 22.65], ""M6"": 22.62}"
799ff247470c3549,799ff247470c3549.json,M2_vehicle_crossing,M2_vehicle_crossing;M5_merge,4.244,6.0,"{""M2"": 5.06, ""M5"": [-34.34, 18.88]}"
5d4586d493da8fa7,5d4586d493da8fa7.json,M2_vehicle_crossing,M2_vehicle_crossing;M4_cut_in;M5_merge,2.938,14.91,"{""M2"": 8.78, ""M4"": [-3.48], ""M5"": [-37.36, 58.02]}"
6064f2415be71eba,6064f2415be71eba.json,M2_vehicle_crossing,M4_cut_in;M2_vehicle_crossing;M6_temp_occupancy,3.133,0.0,"{""M4"": [-12.52], ""M2"": 38.37, ""M6"": -12.85}"
4d6038940863ff85,4d6038940863ff85.json,M2_vehicle_crossing,M2_vehicle_crossing,2.875,0.0,"{""M2"": 57.36}"
7deccdd519c13352,7deccdd519c13352.json,M2_vehicle_crossing,M6_temp_occupancy;M5_merge;M2_vehicle_crossing;M4_cut_in,3.652,8.1,"{""M6"": 5.75, ""M5"": [-39.37, 10.16], ""M2"": 4.71, ""M4"": [-3.18]}"
79b3221698f21ee7,79b3221698f21ee7.json,M2_vehicle_crossing,M4_cut_in;M5_merge;M2_vehicle_crossing,3.791,5.64,"{""M4"": [4.57], ""M5"": [-56.35, 38.91], ""M2"": 32.59}"
4e1604c6653c917d,4e1604c6653c917d.json,M2_vehicle_crossing,M5_merge;M2_vehicle_crossing;M4_cut_in,4.021,0.2,"{""M5"": [-30.23, 19.78], ""M2"": 10.36, ""M4"": [8.94]}"
585ffc8db08d83cd,585ffc8db08d83cd.json,M2_vehicle_crossing,M2_vehicle_crossing;M6_temp_occupancy;M5_merge,3.202,0.0,"{""M2"": 14.39, ""M6"": -15.1, ""M5"": [-9.8, 12.74]}"
ab90c99c62ce9388,ab90c99c62ce9388.json,M2_vehicle_crossing,M2_vehicle_crossing;M5_merge,1.851,3.5,"{""M2"": 22.06, ""M5"": [-9.31, 33.21]}"
fa7aa51eec4fcc0f,fa7aa51eec4fcc0f.json,M2_vehicle_crossing,M6_temp_occupancy;M4_cut_in;M2_vehicle_crossing;M5_merge,3.318,1.33,"{""M6"": -17.98, ""M4"": [-9.11], ""M2"": 5.64, ""M5"": [-72.46, 8.35]}"
3d5ea6d5d8caf0b0,3d5ea6d5d8caf0b0.json,M2_vehicle_crossing,M2_vehicle_crossing;M5_merge,3.259,17.17,"{""M2"": 5.4, ""M5"": [-64.66, 79.17]}"
bf4a3094f06db35a,bf4a3094f06db35a.json,M2_vehicle_crossing,M2_vehicle_crossing;M5_merge,3.732,16.33,"{""M2"": 4.46, ""M5"": [-74.18, 40.95]}"
70dffe26f853a7ef,70dffe26f853a7ef.json,M2_vehicle_crossing,M5_merge;M2_vehicle_crossing;M4_cut_in;M6_temp_occupancy,3.541,9.95,"{""M5"": [-31.63, 59.59], ""M2"": 6.21, ""M4"": [-4.64], ""M6"": 6.88}"
ba626816eab28971,ba626816eab28971.json,M2_vehicle_crossing,M2_vehicle_crossing;M4_cut_in;M5_merge,3.677,17.36,"{""M2"": 18.66, ""M4"": [-3.49], ""M5"": [-58.39, 102.78]}"
38c3cd000a1ba860,38c3cd000a1ba860.json,M2_vehicle_crossing,M4_cut_in;M2_vehicle_crossing,2.764,0.0,"{""M4"": [-24.8], ""M2"": 85.78}"
549511458b4973c3,549511458b4973c3.json,M2_vehicle_crossing,M2_vehicle_crossing,3.235,0.0,"{""M2"": 126.82}"
270199473a16315,270199473a16315.json,M2_vehicle_crossing,M2_vehicle_crossing;M4_cut_in,3.807,0.0,"{""M2"": 50.43, ""M4"": [25.11]}"
949fd82d6e44a34d,949fd82d6e44a34d.json,M2_vehicle_crossing,M2_vehicle_crossing;M4_cut_in;M5_merge,3.867,5.66,"{""M2"": 5.26, ""M4"": [-5.07], ""M5"": [-14.13, 31.81]}"
645144353bbfdecc,645144353bbfdecc.json,M2_vehicle_crossing,M2_vehicle_crossing;M6_temp_occupancy;M4_cut_in;M5_merge,2.831,0.0,"{""M2"": 4.06, ""M6"": -6.69, ""M4"": [3.3], ""M5"": [-28.7, 81.19]}"
5b236b4877347d5e,5b236b4877347d5e.json,M2_vehicle_crossing,M2_vehicle_crossing;M5_merge;M4_cut_in,3.031,11.33,"{""M2"": 8.35, ""M5"": [-26.37, 43.96], ""M4"": [-8.18]}"
a85bb8c9decfce02,a85bb8c9decfce02.json,M2_vehicle_crossing,M6_temp_occupancy;M4_cut_in;M2_vehicle_crossing,3.13,0.8,"{""M6"": -28.53, ""M4"": [2.79], ""M2"": 72.07}"
fe2d2a81d65a9c2d,fe2d2a81d65a9c2d.json,M2_vehicle_crossing,M2_vehicle_crossing;M5_merge;M4_cut_in,3.015,1.0,"{""M2"": 4.86, ""M5"": [-7.77, 25.69], ""M4"": [-2.86]}"
68ebb1345abaaa49,68ebb1345abaaa49.json,M2_vehicle_crossing,M2_vehicle_crossing,2.675,7.2,"{""M2"": 34.13}"
3b2734e62ea77e0b,3b2734e62ea77e0b.json,M2_vehicle_crossing,M6_temp_occupancy;M4_cut_in;M5_merge;M2_vehicle_crossing,3.132,16.6,"{""M6"": -15.82, ""M4"": [6.42], ""M5"": [-44.17, 96.31], ""M2"": 5.36}"
e2e8717cc14408e5,e2e8717cc14408e5.json,M2_vehicle_crossing,M2_vehicle_crossing,3.204,3.65,"{""M2"": 20.84}"
11baee9e26708b28,11baee9e26708b28.json,M2_vehicle_crossing,M2_vehicle_crossing;M5_merge,3.587,12.54,"{""M2"": 5.57, ""M5"": [-31.36, 78.5]}"
26284a71f3345792,26284a71f3345792.json,M2_vehicle_crossing,M2_vehicle_crossing;M6_temp_occupancy;M5_merge,4.31,0.0,"{""M2"": 20.24, ""M6"": -4.26, ""M5"": [-11.98, 12.0]}"
a7f18baa0d6428a,a7f18baa0d6428a.json,M2_vehicle_crossing,M5_merge;M2_vehicle_crossing,3.068,10.45,"{""M5"": [-46.42, 43.49], ""M2"": 4.54}"
36b6d206313b0dc2,36b6d206313b0dc2.json,M2_vehicle_crossing,M2_vehicle_crossing;M5_merge;M4_cut_in,3.163,15.67,"{""M2"": 5.49, ""M5"": [-44.94, 79.46], ""M4"": [5.76]}"
458477bad7645b27,458477bad7645b27.json,M2_vehicle_crossing,M2_vehicle_crossing,5.005,3.32,"{""M2"": 35.0}"
c57fca37918359be,c57fca37918359be.json,M2_vehicle_crossing,M2_vehicle_crossing;M5_merge;M6_temp_occupancy,3.763,8.34,"{""M2"": 7.41, ""M5"": [-11.47, 51.7], ""M6"": 9.11}"
831e9f7c915d9a33,831e9f7c915d9a33.json,M2_vehicle_crossing,M2_vehicle_crossing;M4_cut_in;M5_merge,3.932,8.78,"{""M2"": 14.53, ""M4"": [-14.22], ""M5"": [-24.48, 32.06]}"
c4f810396985181f,c4f810396985181f.json,M2_vehicle_crossing,M2_vehicle_crossing;M6_temp_occupancy,3.098,0.0,"{""M2"": 12.0, ""M6"": -34.69}"
b8b3771d8b3a87bf,b8b3771d8b3a87bf.json,M2_vehicle_crossing,M2_vehicle_crossing;M5_merge,3.592,5.6,"{""M2"": 10.84, ""M5"": [-21.33, 3.9]}"
15d59741943a4528,15d59741943a4528.json,M2_vehicle_crossing,M2_vehicle_crossing;M4_cut_in,1.862,6.15,"{""M2"": 41.41, ""M4"": [-10.44]}"
a577bd257f31c6b3,a577bd257f31c6b3.json,M2_vehicle_crossing,M2_vehicle_crossing,3.382,0.0,"{""M2"": 60.16}"
8001dede9725b235,8001dede9725b235.json,M2_vehicle_crossing,M2_vehicle_crossing;M5_merge,3.598,4.82,"{""M2"": 18.17, ""M5"": [-11.55, 35.68]}"
c4a6a9720515bbc5,c4a6a9720515bbc5.json,M2_vehicle_crossing,M2_vehicle_crossing,3.469,0.0,"{""M2"": 47.14}"
374f7f515942ce08,374f7f515942ce08.json,M2_vehicle_crossing,M6_temp_occupancy;M5_merge;M2_vehicle_crossing,3.586,1.4,"{""M6"": -45.52, ""M5"": [-19.47, 12.7], ""M2"": 5.46}"
bc5fbdd7299bfcea,bc5fbdd7299bfcea.json,M2_vehicle_crossing,M2_vehicle_crossing,3.465,0.0,"{""M2"": 39.74}"
22c359415a84f49e,22c359415a84f49e.json,M2_vehicle_crossing,M2_vehicle_crossing;M5_merge,3.555,7.37,"{""M2"": 23.59, ""M5"": [-14.92, 31.93]}"
ab7b6b79b724bd2d,ab7b6b79b724bd2d.json,M2_vehicle_crossing,M2_vehicle_crossing;M5_merge;M4_cut_in,3.638,10.43,"{""M2"": 11.77, ""M5"": [-50.48, 36.08], ""M4"": [-11.92]}"
38fc99d2b91ace4f,38fc99d2b91ace4f.json,M2_vehicle_crossing,M2_vehicle_crossing;M4_cut_in;M5_merge;M6_temp_occupancy,4.387,6.07,"{""M2"": 8.63, ""M4"": [4.34], ""M5"": [-10.41, 64.08], ""M6"": 22.95}"
3201e0ad7075dd38,3201e0ad7075dd38.json,M2_vehicle_crossing,M2_vehicle_crossing;M6_temp_occupancy,3.356,0.06,"{""M2"": 19.02, ""M6"": -11.44}"
c757f0db71e9ac59,c757f0db71e9ac59.json,M2_vehicle_crossing,M2_vehicle_crossing,2.894,0.0,"{""M2"": 19.45}"
5e6868e3cf3bf22e,5e6868e3cf3bf22e.json,M2_vehicle_crossing,M2_vehicle_crossing;M5_merge,3.75,13.33,"{""M2"": 4.35, ""M5"": [-40.35, 82.22]}"
320d7f0fddc558fb,320d7f0fddc558fb.json,M2_vehicle_crossing,M2_vehicle_crossing;M4_cut_in,3.518,4.42,"{""M2"": 30.64, ""M4"": [3.24]}"
b18c133f146677a7,b18c133f146677a7.json,M2_vehicle_crossing,M5_merge;M2_vehicle_crossing;M4_cut_in,3.13,0.0,"{""M5"": [-71.35, 27.3], ""M2"": 4.92, ""M4"": [-5.35]}"
376bec12f4590827,376bec12f4590827.json,M2_vehicle_crossing,M2_vehicle_crossing;M4_cut_in;M3_vru_crossing,3.322,2.19,"{""M2"": 32.64, ""M4"": [3.8], ""M3"": 11.13}"
4f19a78e73788325,4f19a78e73788325.json,M2_vehicle_crossing,M2_vehicle_crossing;M4_cut_in,3.291,5.54,"{""M2"": 33.23, ""M4"": [12.2]}"
6746a47d4cb56041,6746a47d4cb56041.json,M2_vehicle_crossing,M2_vehicle_crossing;M5_merge,6.081,8.16,"{""M2"": 37.36, ""M5"": [-61.38, 12.46]}"
363faaa196b74966,363faaa196b74966.json,M2_vehicle_crossing,M2_vehicle_crossing;M5_merge,3.503,5.27,"{""M2"": 23.82, ""M5"": [-10.74, 25.25]}"
d547b71b68122235,d547b71b68122235.json,M2_vehicle_crossing,M2_vehicle_crossing;M4_cut_in;M5_merge,4.398,2.66,"{""M2"": 21.76, ""M4"": [7.08], ""M5"": [-12.57, 50.35]}"
98915e2ef682a0ad,98915e2ef682a0ad.json,M2_vehicle_crossing,M6_temp_occupancy;M2_vehicle_crossing,3.386,0.0,"{""M6"": 12.18, ""M2"": 51.31}"
567e972333c9f8d2,567e972333c9f8d2.json,M2_vehicle_crossing,M2_vehicle_crossing;M4_cut_in;M5_merge,2.538,15.48,"{""M2"": 6.65, ""M4"": [5.18], ""M5"": [-17.2, 45.65]}"
6f94728ea8b0deba,6f94728ea8b0deba.json,M2_vehicle_crossing,M5_merge;M2_vehicle_crossing,4.035,12.1,"{""M5"": [-24.51, 33.44], ""M2"": 11.83}"
b917f507b35f5b17,b917f507b35f5b17.json,M2_vehicle_crossing,M2_vehicle_crossing;M4_cut_in,3.405,6.59,"{""M2"": 31.37, ""M4"": [-34.19]}"
2a15bffe9d0283a6,2a15bffe9d0283a6.json,M2_vehicle_crossing,M2_vehicle_crossing,2.129,3.4,"{""M2"": 53.83}"
7d68b3426a9bb6ad,7d68b3426a9bb6ad.json,M2_vehicle_crossing,M2_vehicle_crossing;M5_merge;M6_temp_occupancy,3.28,3.17,"{""M2"": 24.17, ""M5"": [-26.85, 17.09], ""M6"": 8.15}"
476bce23b3e638d5,476bce23b3e638d5.json,M2_vehicle_crossing,M2_vehicle_crossing,4.473,1.02,"{""M2"": 65.1}"
a955a67397678653,a955a67397678653.json,M2_vehicle_crossing,M2_vehicle_crossing;M5_merge,4.145,19.23,"{""M2"": 4.37, ""M5"": [-23.06, 153.89]}"
68d9bc6afeb45562,68d9bc6afeb45562.json,M2_vehicle_crossing,M6_temp_occupancy;M2_vehicle_crossing;M4_cut_in;M5_merge,3.201,3.9,"{""M6"": 18.65, ""M2"": 5.98, ""M4"": [-3.3], ""M5"": [-51.53, 70.74]}"
d1874810bd087f05,d1874810bd087f05.json,M2_vehicle_crossing,M2_vehicle_crossing;M6_temp_occupancy,3.905,0.0,"{""M2"": 14.8, ""M6"": 14.73}"
ac36bc6d71571082,ac36bc6d71571082.json,M2_vehicle_crossing,M2_vehicle_crossing;M5_merge,3.385,15.68,"{""M2"": 6.41, ""M5"": [-34.1, 64.34]}"
8bbba7bd646c0988,8bbba7bd646c0988.json,M2_vehicle_crossing,M2_vehicle_crossing;M4_cut_in;M5_merge,1.824,14.8,"{""M2"": 9.5, ""M4"": [-9.36], ""M5"": [-8.42, 58.56]}"
5457633fb7cfc786,5457633fb7cfc786.json,M2_vehicle_crossing,M2_vehicle_crossing;M6_temp_occupancy,3.138,0.0,"{""M2"": 26.23, ""M6"": 3.98}"
227059f2f85c2a20,227059f2f85c2a20.json,M2_vehicle_crossing,M2_vehicle_crossing;M4_cut_in,3.396,1.0,"{""M2"": 33.33, ""M4"": [19.1]}"
c1829351929da04a,c1829351929da04a.json,M2_vehicle_crossing,M2_vehicle_crossing;M6_temp_occupancy,3.586,0.01,"{""M2"": 11.63, ""M6"": 12.54}"
44b65a5c4f3c07ed,44b65a5c4f3c07ed.json,M2_vehicle_crossing,M2_vehicle_crossing,4.341,0.54,"{""M2"": 29.53}"
c1a7220be20f184c,c1a7220be20f184c.json,M2_vehicle_crossing,M6_temp_occupancy;M2_vehicle_crossing;M5_merge;M4_cut_in,2.964,15.64,"{""M6"": 42.12, ""M2"": 10.65, ""M5"": [-67.12, 73.68], ""M4"": [3.05]}"
152448f0895fcd4e,152448f0895fcd4e.json,M2_vehicle_crossing,M2_vehicle_crossing;M4_cut_in;M5_merge,2.79,9.81,"{""M2"": 6.16, ""M4"": [3.7], ""M5"": [-20.29, 19.05]}"
a2ca56f7b38e7242,a2ca56f7b38e7242.json,M2_vehicle_crossing,M2_vehicle_crossing;M4_cut_in,3.295,0.0,"{""M2"": 18.43, ""M4"": [-49.82]}"
1a7ff74577475c4a,1a7ff74577475c4a.json,M3_vru_crossing,M3_vru_crossing;M4_cut_in;M5_merge,3.889,1.09,"{""M3"": 10.33, ""M4"": [3.38], ""M5"": [-7.32, 6.21]}"
fc2b51fef48a323,fc2b51fef48a323.json,M3_vru_crossing,M4_cut_in;M3_vru_crossing;M5_merge,3.408,0.04,"{""M4"": [2.68], ""M3"": 16.87, ""M5"": [-16.98, 12.26]}"
7f65791db2146b65,7f65791db2146b65.json,M3_vru_crossing,M3_vru_crossing;M6_temp_occupancy,3.614,0.0,"{""M3"": 37.13, ""M6"": 35.98}"
5ca43a44c81a6987,5ca43a44c81a6987.json,M3_vru_crossing,M3_vru_crossing;M5_merge,1.605,5.57,"{""M3"": 10.56, ""M5"": [-16.59, 30.74]}"
4ef7d4e590e80eef,4ef7d4e590e80eef.json,M3_vru_crossing,M4_cut_in;M3_vru_crossing;M6_temp_occupancy,3.144,0.0,"{""M4"": [-10.41], ""M3"": 32.04, ""M6"": 30.87}"
39d2af1de320da61,39d2af1de320da61.json,M3_vru_crossing,M3_vru_crossing;M6_temp_occupancy;M4_cut_in,3.168,0.0,"{""M3"": 31.86, ""M6"": -14.06, ""M4"": [-38.23]}"
ada91b10b7953974,ada91b10b7953974.json,M3_vru_crossing,M3_vru_crossing;M4_cut_in;M6_temp_occupancy,3.417,0.0,"{""M3"": 19.92, ""M4"": [-3.39], ""M6"": 23.63}"
ab6bd2c279f34f6a,ab6bd2c279f34f6a.json,M3_vru_crossing,M3_vru_crossing;M6_temp_occupancy;M4_cut_in;M5_merge,3.629,0.0,"{""M3"": 8.15, ""M6"": -11.15, ""M4"": [6.68], ""M5"": [-7.53, 5.76]}"
df00457ce0737194,df00457ce0737194.json,M3_vru_crossing,M4_cut_in;M3_vru_crossing,3.922,0.0,"{""M4"": [-34.49], ""M3"": 64.84}"
63eccbae339d909d,63eccbae339d909d.json,M3_vru_crossing,M3_vru_crossing,4.059,1.28,"{""M3"": 9.21}"
d952c66361dd6dd,d952c66361dd6dd.json,M3_vru_crossing,M4_cut_in;M6_temp_occupancy;M3_vru_crossing,3.724,0.0,"{""M4"": [-12.01], ""M6"": -57.4, ""M3"": 12.52}"
ef0327f14ab3efa0,ef0327f14ab3efa0.json,M3_vru_crossing,M4_cut_in;M3_vru_crossing,3.218,0.0,"{""M4"": [-15.88], ""M3"": 29.41}"
5a375264f6e08467,5a375264f6e08467.json,M3_vru_crossing,M3_vru_crossing;M4_cut_in,3.015,0.0,"{""M3"": 24.9, ""M4"": [-11.51]}"
fa6889c637e04a42,fa6889c637e04a42.json,M3_vru_crossing,M3_vru_crossing,3.16,0.0,"{""M3"": 49.21}"
5ff2fe3e4c0d3691,5ff2fe3e4c0d3691.json,M3_vru_crossing,M3_vru_crossing;M4_cut_in,2.99,0.0,"{""M3"": 11.31, ""M4"": [-5.72]}"
88ef797bb168ea3,88ef797bb168ea3.json,M3_vru_crossing,M3_vru_crossing;M4_cut_in,3.379,0.0,"{""M3"": 38.2, ""M4"": [-4.11]}"
c66a695593bbb676,c66a695593bbb676.json,M3_vru_crossing,M4_cut_in;M3_vru_crossing,3.276,0.0,"{""M4"": [-2.93], ""M3"": 5.69}"
d63e959605073881,d63e959605073881.json,M3_vru_crossing,M4_cut_in;M3_vru_crossing;M6_temp_occupancy,3.449,0.0,"{""M4"": [67.37], ""M3"": 23.03, ""M6"": -22.12}"
818472857e729867,818472857e729867.json,M3_vru_crossing,M3_vru_crossing;M4_cut_in;M5_merge,3.431,0.0,"{""M3"": 18.65, ""M4"": [-18.91], ""M5"": [-4.43, 22.04]}"
d257c85a10d5395,d257c85a10d5395.json,M3_vru_crossing,M3_vru_crossing;M5_merge;M6_temp_occupancy,4.0,4.24,"{""M3"": 22.1, ""M5"": [-20.82, 9.02], ""M6"": -47.12}"
c92800a7dd649eb0,c92800a7dd649eb0.json,M3_vru_crossing,M3_vru_crossing;M6_temp_occupancy;M4_cut_in,3.067,0.0,"{""M3"": 23.23, ""M6"": 41.32, ""M4"": [51.43]}"
3392709446e04b2e,3392709446e04b2e.json,M3_vru_crossing,M4_cut_in;M3_vru_crossing,3.413,0.02,"{""M4"": [-29.67], ""M3"": 33.93}"
ea6d597b14182a4,ea6d597b14182a4.json,M3_vru_crossing,M4_cut_in;M3_vru_crossing,3.159,0.0,"{""M4"": [9.79], ""M3"": 49.26}"
37579382cdbc7907,37579382cdbc7907.json,M3_vru_crossing,M3_vru_crossing;M6_temp_occupancy,3.001,0.0,"{""M3"": 12.58, ""M6"": 14.24}"
d8c32f51e1a8356a,d8c32f51e1a8356a.json,M3_vru_crossing,M3_vru_crossing,2.895,0.0,"{""M3"": 12.5}"
68618d5784c03bfb,68618d5784c03bfb.json,M3_vru_crossing,M4_cut_in;M3_vru_crossing,3.457,0.0,"{""M4"": [-12.34], ""M3"": 36.09}"
bdbf44d435f680cc,bdbf44d435f680cc.json,M3_vru_crossing,M3_vru_crossing,3.16,0.0,"{""M3"": 10.89}"
f47f7ad1c8fc8e29,f47f7ad1c8fc8e29.json,M3_vru_crossing,M4_cut_in;M3_vru_crossing,3.168,0.0,"{""M4"": [12.59], ""M3"": 41.28}"
f7d61c994f5c773,f7d61c994f5c773.json,M3_vru_crossing,M3_vru_crossing;M6_temp_occupancy,3.955,0.0,"{""M3"": 22.84, ""M6"": -22.09}"
1262b0d5186912a9,1262b0d5186912a9.json,M3_vru_crossing,M3_vru_crossing;M4_cut_in,3.335,0.0,"{""M3"": 13.08, ""M4"": [-24.85]}"
77f8172643ca02de,77f8172643ca02de.json,M3_vru_crossing,M3_vru_crossing;M4_cut_in,3.307,0.0,"{""M3"": 41.02, ""M4"": [-31.17]}"
5c667f775158d5c6,5c667f775158d5c6.json,M3_vru_crossing,M3_vru_crossing;M4_cut_in,3.616,0.0,"{""M3"": 10.74, ""M4"": [11.28]}"
febc54f23fd786b7,febc54f23fd786b7.json,M3_vru_crossing,M3_vru_crossing,3.286,0.0,"{""M3"": 14.33}"
cccc1c64881dde01,cccc1c64881dde01.json,M3_vru_crossing,M3_vru_crossing,4.345,1.23,"{""M3"": 18.65}"
f8c0a8cecce3a643,f8c0a8cecce3a643.json,M3_vru_crossing,M3_vru_crossing;M4_cut_in;M5_merge,3.128,0.0,"{""M3"": 9.21, ""M4"": [7.94], ""M5"": [-10.97, 8.73]}"
56b1e8aced6c7bc0,56b1e8aced6c7bc0.json,M3_vru_crossing,M3_vru_crossing;M4_cut_in,3.565,0.0,"{""M3"": 4.27, ""M4"": [2.51]}"
c65883931103e25c,c65883931103e25c.json,M3_vru_crossing,M4_cut_in;M3_vru_crossing;M6_temp_occupancy,3.639,0.04,"{""M4"": [20.45], ""M3"": 10.06, ""M6"": -9.87}"
b1bc03805735b4e4,b1bc03805735b4e4.json,M3_vru_crossing,M3_vru_crossing;M4_cut_in,3.151,0.0,"{""M3"": 9.47, ""M4"": [8.27]}"
454956d673501b9b,454956d673501b9b.json,M3_vru_crossing,M4_cut_in;M3_vru_crossing,3.355,0.0,"{""M4"": [-21.18], ""M3"": 30.76}"
511061c17dcf9cfd,511061c17dcf9cfd.json,M3_vru_crossing,M3_vru_crossing,2.894,0.02,"{""M3"": 14.33}"
7a54acbbcff5c08e,7a54acbbcff5c08e.json,M3_vru_crossing,M3_vru_crossing,3.346,0.0,"{""M3"": 8.79}"
586f01a84f58f4ad,586f01a84f58f4ad.json,M3_vru_crossing,M4_cut_in;M3_vru_crossing,2.971,0.0,"{""M4"": [-35.33], ""M3"": 19.13}"
5e421c535134053,5e421c535134053.json,M3_vru_crossing,M3_vru_crossing;M4_cut_in,3.602,0.0,"{""M3"": 8.65, ""M4"": [15.46]}"
61633963c7b2e131,61633963c7b2e131.json,M3_vru_crossing,M4_cut_in;M3_vru_crossing,3.762,0.0,"{""M4"": [-36.32], ""M3"": 9.11}"
76c55e81fb37f2ac,76c55e81fb37f2ac.json,M3_vru_crossing,M3_vru_crossing;M4_cut_in,3.356,0.0,"{""M3"": 47.53, ""M4"": [-6.37]}"
cfc488d11f8a14ac,cfc488d11f8a14ac.json,M3_vru_crossing,M4_cut_in;M3_vru_crossing,3.224,0.0,"{""M4"": [-20.88], ""M3"": 20.38}"
6153a4f94f32296e,6153a4f94f32296e.json,M3_vru_crossing,M3_vru_crossing;M4_cut_in,3.212,0.0,"{""M3"": 10.53, ""M4"": [9.9]}"
9eaa527e9f58c06d,9eaa527e9f58c06d.json,M3_vru_crossing,M3_vru_crossing,3.236,0.0,"{""M3"": 15.29}"
230e1123fe6c5ae0,230e1123fe6c5ae0.json,M3_vru_crossing,M3_vru_crossing;M4_cut_in,3.077,0.0,"{""M3"": 12.94, ""M4"": [-21.63]}"
dfce0c3d05c49289,dfce0c3d05c49289.json,M3_vru_crossing,M3_vru_crossing,3.714,0.74,"{""M3"": 12.25}"
dfc3a8f83fb09e3a,dfc3a8f83fb09e3a.json,M3_vru_crossing,M3_vru_crossing,2.813,0.0,"{""M3"": 38.91}"
ddb565dc089efb79,ddb565dc089efb79.json,M3_vru_crossing,M4_cut_in;M3_vru_crossing,3.318,0.0,"{""M4"": [-2.97], ""M3"": 14.72}"
3f229274b2913801,3f229274b2913801.json,M3_vru_crossing,M3_vru_crossing;M4_cut_in,3.689,0.0,"{""M3"": 32.4, ""M4"": [12.07]}"
2bc410d4ce756f24,2bc410d4ce756f24.json,M3_vru_crossing,M4_cut_in;M3_vru_crossing,3.367,0.0,"{""M4"": [26.77], ""M3"": 22.77}"
46ed0d7e95c06e9c,46ed0d7e95c06e9c.json,M3_vru_crossing,M4_cut_in;M3_vru_crossing,3.005,0.01,"{""M4"": [27.64], ""M3"": 14.23}"
51d387a7e090adc5,51d387a7e090adc5.json,M3_vru_crossing,M4_cut_in;M3_vru_crossing;M6_temp_occupancy,3.374,0.0,"{""M4"": [-43.48], ""M3"": 48.18, ""M6"": 6.41}"
ee651f48b99ac793,ee651f48b99ac793.json,M3_vru_crossing,M3_vru_crossing;M4_cut_in;M5_merge,3.188,1.67,"{""M3"": 7.98, ""M4"": [-18.22], ""M5"": [-28.58, 8.5]}"
e765ea8a0b617a42,e765ea8a0b617a42.json,M3_vru_crossing,M6_temp_occupancy;M3_vru_crossing,2.951,0.0,"{""M6"": 36.73, ""M3"": 39.28}"
69563a34cb1da29d,69563a34cb1da29d.json,M3_vru_crossing,M3_vru_crossing;M4_cut_in,3.456,0.0,"{""M3"": 32.02, ""M4"": [-16.12]}"
ef74ec33e9f467eb,ef74ec33e9f467eb.json,M3_vru_crossing,M3_vru_crossing;M4_cut_in;M6_temp_occupancy,4.197,0.0,"{""M3"": 18.91, ""M4"": [5.91], ""M6"": -33.82}"
e9e36d08e891398b,e9e36d08e891398b.json,M3_vru_crossing,M3_vru_crossing;M6_temp_occupancy;M4_cut_in,3.292,0.0,"{""M3"": 13.99, ""M6"": -28.86, ""M4"": [-56.95]}"
90c39184af55bb7b,90c39184af55bb7b.json,M3_vru_crossing,M3_vru_crossing;M5_merge,3.076,1.21,"{""M3"": 11.42, ""M5"": [-25.84, 3.67]}"
8e8850bd484b4c94,8e8850bd484b4c94.json,M3_vru_crossing,M4_cut_in;M3_vru_crossing;M6_temp_occupancy,3.29,0.0,"{""M4"": [9.25], ""M3"": 5.94, ""M6"": 5.5}"
19847cdf4ebaa222,19847cdf4ebaa222.json,M3_vru_crossing,M3_vru_crossing;M4_cut_in,3.212,0.0,"{""M3"": 11.47, ""M4"": [-10.23]}"
1e98bdb2802fdab1,1e98bdb2802fdab1.json,M3_vru_crossing,M3_vru_crossing;M6_temp_occupancy;M4_cut_in,3.311,0.0,"{""M3"": 10.13, ""M6"": -11.93, ""M4"": [-14.92]}"
dfd9bef1399b05fe,dfd9bef1399b05fe.json,M3_vru_crossing,M5_merge;M3_vru_crossing,3.184,0.02,"{""M5"": [-17.22, 16.86], ""M3"": 36.73}"
c189f693c5a3b02a,c189f693c5a3b02a.json,M3_vru_crossing,M4_cut_in;M3_vru_crossing,2.953,0.0,"{""M4"": [-31.78], ""M3"": 12.56}"
828d5e60ba898919,828d5e60ba898919.json,M3_vru_crossing,M5_merge;M4_cut_in;M3_vru_crossing,3.273,6.12,"{""M5"": [-51.93, 22.95], ""M4"": [2.51], ""M3"": 8.11}"
df4c6fa6c765ec1b,df4c6fa6c765ec1b.json,M3_vru_crossing,M3_vru_crossing;M4_cut_in,3.41,0.18,"{""M3"": 12.01, ""M4"": [8.14]}"
b167788c995cb07,b167788c995cb07.json,M3_vru_crossing,M3_vru_crossing;M4_cut_in,4.688,0.74,"{""M3"": 4.45, ""M4"": [5.39]}"
bcf4c2171f3087b3,bcf4c2171f3087b3.json,M3_vru_crossing,M5_merge;M3_vru_crossing,3.608,6.28,"{""M5"": [-14.88, 11.62], ""M3"": 19.48}"
2171d3475a332588,2171d3475a332588.json,M3_vru_crossing,M3_vru_crossing;M4_cut_in,3.159,0.0,"{""M3"": 32.88, ""M4"": [-19.68]}"
a77a96465790bde4,a77a96465790bde4.json,M3_vru_crossing,M4_cut_in;M3_vru_crossing,3.232,0.0,"{""M4"": [-3.79], ""M3"": 23.22}"
8dfa61df6468c4b0,8dfa61df6468c4b0.json,M3_vru_crossing,M3_vru_crossing,3.82,0.0,"{""M3"": 6.94}"
6b6f521ecacbd19f,6b6f521ecacbd19f.json,M3_vru_crossing,M3_vru_crossing;M6_temp_occupancy;M4_cut_in,3.777,0.0,"{""M3"": 12.64, ""M6"": 69.84, ""M4"": [-43.06]}"
7c2ed9ab567e443f,7c2ed9ab567e443f.json,M3_vru_crossing,M3_vru_crossing;M6_temp_occupancy,3.029,0.41,"{""M3"": 9.45, ""M6"": -9.27}"
dc948f31a4fb002,dc948f31a4fb002.json,M3_vru_crossing,M3_vru_crossing;M6_temp_occupancy,3.004,0.08,"{""M3"": 24.44, ""M6"": 62.0}"
3e5656d9a79ebc2d,3e5656d9a79ebc2d.json,M3_vru_crossing,M4_cut_in;M3_vru_crossing,3.301,0.01,"{""M4"": [8.25], ""M3"": 9.84}"
22a1e427c28a77ad,22a1e427c28a77ad.json,M3_vru_crossing,M3_vru_crossing,2.705,0.0,"{""M3"": 11.17}"
ca571aa786fe0edc,ca571aa786fe0edc.json,M3_vru_crossing,M4_cut_in;M3_vru_crossing,2.808,2.6,"{""M4"": [-11.74], ""M3"": 10.19}"
8fe7e309e8650a73,8fe7e309e8650a73.json,M4_cut_in,M4_cut_in,2.981,12.22,"{""M4"": [-6.9]}"
f432b7291cdb4115,f432b7291cdb4115.json,M4_cut_in,M5_merge;M4_cut_in,2.919,14.54,"{""M5"": [-11.54, 89.36], ""M4"": [3.63]}"
4fe1a27d65c20624,4fe1a27d65c20624.json,M4_cut_in,M6_temp_occupancy;M4_cut_in,3.406,7.72,"{""M6"": 3.36, ""M4"": [-7.49]}"
e79fba949827442,e79fba949827442.json,M4_cut_in,M4_cut_in,3.671,0.0,"{""M4"": [35.67]}"
d70c6e96e89f9509,d70c6e96e89f9509.json,M4_cut_in,M5_merge;M4_cut_in,3.463,4.96,"{""M5"": [-13.79, 48.43], ""M4"": [3.41]}"
8bfeaae8e7475de2,8bfeaae8e7475de2.json,M4_cut_in,M4_cut_in;M5_merge;M6_temp_occupancy,1.495,1.08,"{""M4"": [-5.16], ""M5"": [-68.77, 29.73], ""M6"": -4.41}"
c6229e407151955,c6229e407151955.json,M4_cut_in,M4_cut_in,3.708,0.0,"{""M4"": [-8.36]}"
a530b3c1fbc880a3,a530b3c1fbc880a3.json,M4_cut_in,M4_cut_in;M5_merge,2.741,20.19,"{""M4"": [2.67], ""M5"": [-20.54, 154.01]}"
bda923bbd61198da,bda923bbd61198da.json,M4_cut_in,M6_temp_occupancy;M5_merge;M4_cut_in,3.267,15.61,"{""M6"": -1.72, ""M5"": [-46.08, 65.34], ""M4"": [-3.36]}"
6e35ffca282009ab,6e35ffca282009ab.json,M4_cut_in,M6_temp_occupancy;M4_cut_in,3.369,2.77,"{""M6"": 61.11, ""M4"": [-14.93]}"
8f0d9def6f4a1228,8f0d9def6f4a1228.json,M4_cut_in,M4_cut_in;M5_merge,3.458,4.39,"{""M4"": [3.42], ""M5"": [-10.99, 63.54]}"
c0b0cf92f425dd27,c0b0cf92f425dd27.json,M4_cut_in,M5_merge;M4_cut_in,3.325,3.75,"{""M5"": [-13.51, 13.44], ""M4"": [9.78]}"
dd2b57f59de52610,dd2b57f59de52610.json,M4_cut_in,M4_cut_in,3.792,17.49,"{""M4"": [10.51]}"
111da837fe570e37,111da837fe570e37.json,M4_cut_in,M4_cut_in,3.128,7.47,"{""M4"": [19.51]}"
612bd3de9ba8eb4b,612bd3de9ba8eb4b.json,M4_cut_in,M4_cut_in,3.718,15.01,"{""M4"": [6.62]}"
6537fe33af0264c4,6537fe33af0264c4.json,M4_cut_in,M4_cut_in,3.25,0.0,"{""M4"": [-40.33]}"
a47da157cf1535bb,a47da157cf1535bb.json,M4_cut_in,M4_cut_in,2.091,0.0,"{""M4"": [6.49]}"
d58bbf57267f9fab,d58bbf57267f9fab.json,M4_cut_in,M4_cut_in,3.43,0.0,"{""M4"": [2.67]}"
c5451a572e14ddc8,c5451a572e14ddc8.json,M4_cut_in,M4_cut_in;M5_merge,3.668,1.61,"{""M4"": [2.71], ""M5"": [-13.75, 15.56]}"
12dc24d313153b64,12dc24d313153b64.json,M4_cut_in,M4_cut_in;M5_merge,3.1,5.25,"{""M4"": [3.37], ""M5"": [-21.72, 35.26]}"
7f159fbdf79377cf,7f159fbdf79377cf.json,M4_cut_in,M4_cut_in;M5_merge,3.682,13.25,"{""M4"": [-3.35], ""M5"": [-55.79, 47.89]}"
e462adf60f7b5453,e462adf60f7b5453.json,M4_cut_in,M5_merge;M4_cut_in,3.68,16.02,"{""M5"": [-45.14, 68.48], ""M4"": [3.0]}"
eeea7c01a12a8d7f,eeea7c01a12a8d7f.json,M4_cut_in,M4_cut_in,3.293,16.12,"{""M4"": [-2.8]}"
9d2059d1b77947bc,9d2059d1b77947bc.json,M4_cut_in,M4_cut_in;M5_merge,3.36,0.02,"{""M4"": [3.04], ""M5"": [-11.65, 4.6]}"
365017521542bd4f,365017521542bd4f.json,M4_cut_in,M4_cut_in,3.071,14.16,"{""M4"": [22.81]}"
e00e8f2f8643f2e,e00e8f2f8643f2e.json,M4_cut_in,M5_merge;M4_cut_in,3.053,13.62,"{""M5"": [-67.17, 25.3], ""M4"": [4.0]}"
762f088d61c4d918,762f088d61c4d918.json,M4_cut_in,M5_merge;M4_cut_in,3.427,0.36,"{""M5"": [-8.78, 8.95], ""M4"": [6.36]}"
1650ec864aa4a2fe,1650ec864aa4a2fe.json,M4_cut_in,M4_cut_in;M5_merge,3.115,19.41,"{""M4"": [3.22], ""M5"": [-37.68, 111.99]}"
f7193ffab83f342a,f7193ffab83f342a.json,M4_cut_in,M5_merge;M4_cut_in,2.986,15.75,"{""M5"": [-43.82, 82.12], ""M4"": [3.2]}"
42c8823444df7298,42c8823444df7298.json,M4_cut_in,M4_cut_in;M5_merge,3.775,20.04,"{""M4"": [-3.66], ""M5"": [-26.43, 120.49]}"
c9b89aa89fab08d3,c9b89aa89fab08d3.json,M4_cut_in,M5_merge;M4_cut_in,3.503,16.43,"{""M5"": [-23.72, 133.02], ""M4"": [-2.96]}"
1d083ebbbe36e48d,1d083ebbbe36e48d.json,M4_cut_in,M4_cut_in,3.173,0.0,"{""M4"": [-3.18]}"
df2d9878b8d365d5,df2d9878b8d365d5.json,M4_cut_in,M4_cut_in;M5_merge,3.523,0.0,"{""M4"": [3.04], ""M5"": [-70.94, 16.25]}"
315116b299899d4c,315116b299899d4c.json,M4_cut_in,M4_cut_in,3.597,0.0,"{""M4"": [8.19]}"
1d5aa678fbcf98f7,1d5aa678fbcf98f7.json,M4_cut_in,M4_cut_in;M5_merge,2.992,2.82,"{""M4"": [-16.92], ""M5"": [-29.9, 5.07]}"
bfb4079c7ce63a40,bfb4079c7ce63a40.json,M4_cut_in,M4_cut_in,3.136,0.0,"{""M4"": [-2.93]}"
9b52ebee65ba60df,9b52ebee65ba60df.json,M4_cut_in,M4_cut_in,4.081,7.92,"{""M4"": [5.76]}"
9c8c3c7431089e90,9c8c3c7431089e90.json,M4_cut_in,M4_cut_in,3.566,0.0,"{""M4"": [-41.49]}"
391579da819e88f8,391579da819e88f8.json,M4_cut_in,M4_cut_in;M6_temp_occupancy,3.566,0.0,"{""M4"": [48.06], ""M6"": 66.67}"
9edef88b29982e8d,9edef88b29982e8d.json,M4_cut_in,M5_merge;M6_temp_occupancy;M4_cut_in,3.542,7.95,"{""M5"": [-22.16, 49.8], ""M6"": -11.04, ""M4"": [3.63]}"
c4edbe4985f2d06d,c4edbe4985f2d06d.json,M4_cut_in,M4_cut_in;M5_merge,4.453,19.67,"{""M4"": [3.44], ""M5"": [-32.17, 125.65]}"
a8c0edb805dca37b,a8c0edb805dca37b.json,M4_cut_in,M4_cut_in;M5_merge,3.76,17.24,"{""M4"": [-2.52], ""M5"": [-69.29, 84.28]}"
3a6c26ba1a3aaad6,3a6c26ba1a3aaad6.json,M4_cut_in,M4_cut_in,3.512,5.11,"{""M4"": [24.99]}"
ec1490e87d122e61,ec1490e87d122e61.json,M4_cut_in,M5_merge;M4_cut_in,3.386,7.5,"{""M5"": [-18.75, 39.05], ""M4"": [10.68]}"
179359c3a28d98bc,179359c3a28d98bc.json,M4_cut_in,M4_cut_in,3.629,20.18,"{""M4"": [-2.82]}"
9e340849e6807323,9e340849e6807323.json,M4_cut_in,M4_cut_in;M5_merge;M6_temp_occupancy,3.737,11.62,"{""M4"": [-3.52], ""M5"": [-7.65, 92.85], ""M6"": 6.45}"
970d525be9f42db8,970d525be9f42db8.json,M4_cut_in,M4_cut_in;M5_merge,5.441,8.77,"{""M4"": [3.53], ""M5"": [-22.05, 20.46]}"
df8855a5b77f2ed9,df8855a5b77f2ed9.json,M4_cut_in,M4_cut_in,3.835,0.0,"{""M4"": [-11.18]}"
dcfab9621bc1420,dcfab9621bc1420.json,M4_cut_in,M6_temp_occupancy;M4_cut_in;M5_merge,3.052,10.95,"{""M6"": 8.99, ""M4"": [-2.91], ""M5"": [-23.62, 83.16]}"
8f6532811f2857de,8f6532811f2857de.json,M4_cut_in,M6_temp_occupancy;M4_cut_in;M5_merge,2.775,6.43,"{""M6"": 3.61, ""M4"": [-2.77], ""M5"": [-23.25, 33.34]}"
aae6f5e257d7ae7b,aae6f5e257d7ae7b.json,M4_cut_in,M4_cut_in;M5_merge,4.531,11.51,"{""M4"": [3.33], ""M5"": [-29.02, 50.52]}"
529d0c9664dabfba,529d0c9664dabfba.json,M4_cut_in,M4_cut_in;M5_merge;M6_temp_occupancy,1.865,5.78,"{""M4"": [-4.53], ""M5"": [-22.81, 25.24], ""M6"": 3.3}"
61c2c10de0115d4c,61c2c10de0115d4c.json,M4_cut_in,M4_cut_in;M5_merge,3.295,15.96,"{""M4"": [3.01], ""M5"": [-39.44, 106.15]}"
2691891bbf109269,2691891bbf109269.json,M4_cut_in,M4_cut_in;M6_temp_occupancy,3.651,0.1,"{""M4"": [12.29], ""M6"": 61.25}"
88d928bedcb34c09,88d928bedcb34c09.json,M4_cut_in,M4_cut_in;M5_merge,2.934,19.44,"{""M4"": [-3.51], ""M5"": [-16.35, 141.95]}"
12c4604478212e7f,12c4604478212e7f.json,M4_cut_in,M5_merge;M4_cut_in,2.719,8.3,"{""M5"": [-37.9, 99.31], ""M4"": [3.62]}"
5a9136943505a0c8,5a9136943505a0c8.json,M4_cut_in,M4_cut_in;M5_merge,2.783,15.67,"{""M4"": [3.34], ""M5"": [-46.73, 86.69]}"
78b120a22bfd9f46,78b120a22bfd9f46.json,M4_cut_in,M4_cut_in,4.03,0.0,"{""M4"": [18.37]}"
68222c9de6832012,68222c9de6832012.json,M4_cut_in,M4_cut_in;M6_temp_occupancy;M5_merge,3.597,12.0,"{""M4"": [3.64], ""M6"": -3.75, ""M5"": [-64.29, 29.04]}"
501d70fe64c7306f,501d70fe64c7306f.json,M4_cut_in,M4_cut_in,3.436,0.38,"{""M4"": [13.4]}"
675099d84cf0212,675099d84cf0212.json,M4_cut_in,M5_merge;M4_cut_in,3.597,1.02,"{""M5"": [-8.0, 34.86], ""M4"": [14.82]}"
ee8a56fbf694ea41,ee8a56fbf694ea41.json,M4_cut_in,M4_cut_in,3.464,0.0,"{""M4"": [35.8]}"
c12a9f85df574fa5,c12a9f85df574fa5.json,M4_cut_in,M4_cut_in,3.574,0.0,"{""M4"": [5.3]}"
daaefd02b2e087b4,daaefd02b2e087b4.json,M4_cut_in,M6_temp_occupancy;M4_cut_in,3.849,0.9,"{""M6"": 50.69, ""M4"": [-41.82]}"
b51cd423385fd8c3,b51cd423385fd8c3.json,M4_cut_in,M5_merge;M4_cut_in,3.11,17.42,"{""M5"": [-27.75, 105.43], ""M4"": [2.86]}"
58d55d4e683aa30c,58d55d4e683aa30c.json,M4_cut_in,M6_temp_occupancy;M4_cut_in,3.626,0.0,"{""M6"": -3.37, ""M4"": [-7.74]}"
cddd2f9c18dc2a3b,cddd2f9c18dc2a3b.json,M4_cut_in,M4_cut_in;M5_merge,2.884,17.82,"{""M4"": [3.31], ""M5"": [-12.93, 144.67]}"
51aa6df10ffa1539,51aa6df10ffa1539.json,M4_cut_in,M4_cut_in,4.098,4.72,"{""M4"": [6.39]}"
5e0002dca7244f07,5e0002dca7244f07.json,M4_cut_in,M4_cut_in;M5_merge,2.995,15.68,"{""M4"": [-3.47], ""M5"": [-9.61, 171.48]}"
47b9320b31ab33ac,47b9320b31ab33ac.json,M4_cut_in,M6_temp_occupancy;M4_cut_in,3.628,12.27,"{""M6"": 26.9, ""M4"": [10.12]}"
e81d8e76f45369fd,e81d8e76f45369fd.json,M4_cut_in,M4_cut_in;M5_merge,3.129,18.59,"{""M4"": [-3.5], ""M5"": [-36.6, 102.35]}"
59a52add08359a02,59a52add08359a02.json,M4_cut_in,M5_merge;M6_temp_occupancy;M4_cut_in,3.664,11.24,"{""M5"": [-25.94, 58.5], ""M6"": -2.12, ""M4"": [-9.36]}"
cfc120339602119,cfc120339602119.json,M4_cut_in,M4_cut_in,3.451,0.0,"{""M4"": [21.6]}"
aab6b95a0fb95b9f,aab6b95a0fb95b9f.json,M4_cut_in,M4_cut_in;M5_merge,3.076,17.34,"{""M4"": [3.37], ""M5"": [-64.95, 33.66]}"
624d07c6cf70dc90,624d07c6cf70dc90.json,M4_cut_in,M4_cut_in;M5_merge,3.302,27.4,"{""M4"": [-3.57], ""M5"": [-42.5, 178.04]}"
5a21770f51a706ec,5a21770f51a706ec.json,M4_cut_in,M4_cut_in,4.074,3.52,"{""M4"": [-33.1]}"
8bf5237dd38f68ae,8bf5237dd38f68ae.json,M4_cut_in,M4_cut_in,3.4,0.0,"{""M4"": [-17.53]}"
db2d22849b9faaeb,db2d22849b9faaeb.json,M4_cut_in,M4_cut_in;M5_merge,2.876,15.63,"{""M4"": [2.62], ""M5"": [-25.68, 93.26]}"
9f2afbd2995369db,9f2afbd2995369db.json,M4_cut_in,M4_cut_in;M5_merge,2.803,1.3,"{""M4"": [3.22], ""M5"": [-12.12, 17.17]}"
3a9e27b39d34f3ab,3a9e27b39d34f3ab.json,M4_cut_in,M5_merge;M4_cut_in,3.587,16.8,"{""M5"": [-49.08, 89.04], ""M4"": [-3.98]}"
7adf4f9685f36ea6,7adf4f9685f36ea6.json,M5_merge,M5_merge;M6_temp_occupancy,2.277,8.24,"{""M5"": [-21.94, 40.46], ""M6"": 7.34}"
4c876e42879d5527,4c876e42879d5527.json,M5_merge,M5_merge,3.291,0.0,"{""M5"": [-6.65, 13.26]}"
28db5dc9611a9081,28db5dc9611a9081.json,M5_merge,M5_merge,3.276,13.75,"{""M5"": [-25.6, 50.44]}"
555d8f939efafbb,555d8f939efafbb.json,M5_merge,M5_merge,3.268,5.64,"{""M5"": [-32.51, 22.17]}"
b4593a7849572046,b4593a7849572046.json,M5_merge,M5_merge,3.604,7.0,"{""M5"": [-19.17, 44.68]}"
a3a693cb9130f131,a3a693cb9130f131.json,M5_merge,M5_merge,3.654,2.05,"{""M5"": [-20.45, 22.01]}"
b2893c00477b7f2e,b2893c00477b7f2e.json,M5_merge,M5_merge,3.278,11.33,"{""M5"": [-36.23, 77.99]}"
1769632bbd68d1c1,1769632bbd68d1c1.json,M5_merge,M5_merge,2.695,20.11,"{""M5"": [-42.71, 125.62]}"
cdbe6aeb876ca6f8,cdbe6aeb876ca6f8.json,M5_merge,M5_merge,3.88,18.02,"{""M5"": [-41.21, 77.36]}"
7bfe72a95b111c3d,7bfe72a95b111c3d.json,M5_merge,M5_merge;M6_temp_occupancy,3.537,13.54,"{""M5"": [-35.23, 63.53], ""M6"": -4.38}"
e73bfd50912a81c2,e73bfd50912a81c2.json,M5_merge,M5_merge,3.221,17.57,"{""M5"": [-39.07, 95.8]}"
79408bcec5803f6a,79408bcec5803f6a.json,M5_merge,M5_merge,2.736,15.42,"{""M5"": [-58.28, 73.4]}"
8cb51d6f77603a9b,8cb51d6f77603a9b.json,M5_merge,M5_merge;M6_temp_occupancy,3.127,4.88,"{""M5"": [-14.99, 24.83], ""M6"": -3.04}"
ba35d3e87e11a4f4,ba35d3e87e11a4f4.json,M5_merge,M5_merge,3.433,1.51,"{""M5"": [-73.79, 26.23]}"
15ab99b9c601cdbb,15ab99b9c601cdbb.json,M5_merge,M5_merge,3.667,4.3,"{""M5"": [-22.06, 13.32]}"
d7d4b8d47a368383,d7d4b8d47a368383.json,M5_merge,M5_merge,3.089,1.17,"{""M5"": [-22.5, 17.35]}"
a568f52e21a784d9,a568f52e21a784d9.json,M5_merge,M6_temp_occupancy;M5_merge,3.435,20.18,"{""M6"": 4.33, ""M5"": [-72.43, 97.23]}"
a4611e9f8d2c2d69,a4611e9f8d2c2d69.json,M5_merge,M5_merge,3.629,0.0,"{""M5"": [-10.31, 26.74]}"
ebecaff060dfaf5,ebecaff060dfaf5.json,M5_merge,M5_merge,3.152,14.24,"{""M5"": [-63.08, 67.88]}"
1fb56b3dc02f219,1fb56b3dc02f219.json,M5_merge,M5_merge;M6_temp_occupancy,3.313,16.24,"{""M5"": [-24.78, 108.16], ""M6"": -5.7}"
22b89ada4ddaaa3e,22b89ada4ddaaa3e.json,M5_merge,M5_merge,3.237,2.85,"{""M5"": [-10.39, 37.1]}"
338402ef9081de8e,338402ef9081de8e.json,M5_merge,M5_merge,3.669,1.85,"{""M5"": [-11.14, 39.29]}"
c1e9a535b80c7600,c1e9a535b80c7600.json,M5_merge,M5_merge,3.42,0.0,"{""M5"": [-26.49, 13.86]}"
8cc939e8a0e6cf,8cc939e8a0e6cf.json,M5_merge,M5_merge;M6_temp_occupancy,3.7,10.08,"{""M5"": [-62.33, 31.15], ""M6"": 11.12}"
d81ce363e8e76181,d81ce363e8e76181.json,M5_merge,M5_merge,3.327,18.29,"{""M5"": [-33.28, 123.91]}"
39e70c8ed6235491,39e70c8ed6235491.json,M5_merge,M5_merge,2.911,18.97,"{""M5"": [-64.09, 64.37]}"
eb1cfd2cec3f1bb4,eb1cfd2cec3f1bb4.json,M5_merge,M5_merge,3.742,11.24,"{""M5"": [-23.11, 78.52]}"
a5cd3520be00add9,a5cd3520be00add9.json,M5_merge,M5_merge,4.167,4.69,"{""M5"": [-19.5, 15.99]}"
ef15a936dcbdae22,ef15a936dcbdae22.json,M5_merge,M5_merge,4.829,10.44,"{""M5"": [-16.95, 87.39]}"
4d99ac365cde07cb,4d99ac365cde07cb.json,M5_merge,M5_merge,1.232,10.02,"{""M5"": [-42.94, 54.93]}"
22ea9b030d395c39,22ea9b030d395c39.json,M5_merge,M5_merge,3.932,20.1,"{""M5"": [-40.78, 121.27]}"
a26d48ddce5f4f47,a26d48ddce5f4f47.json,M5_merge,M5_merge,3.683,19.88,"{""M5"": [-31.79, 108.82]}"
3523d1b97fde5dd7,3523d1b97fde5dd7.json,M5_merge,M5_merge,3.328,16.71,"{""M5"": [-49.58, 69.89]}"
363b09f9d01e1606,363b09f9d01e1606.json,M5_merge,M5_merge,3.065,6.12,"{""M5"": [-17.89, 52.02]}"
ee768f89b03a5398,ee768f89b03a5398.json,M5_merge,M5_merge,3.464,20.18,"{""M5"": [-40.81, 112.44]}"
2657143ee43948be,2657143ee43948be.json,M5_merge,M5_merge,3.141,7.83,"{""M5"": [-60.75, 13.84]}"
6d8c999df123683e,6d8c999df123683e.json,M5_merge,M5_merge,3.328,0.0,"{""M5"": [-7.81, 13.75]}"
a22e67eb167f1d0f,a22e67eb167f1d0f.json,M5_merge,M5_merge,2.799,5.1,"{""M5"": [-15.21, 43.63]}"
b44d525c54204290,b44d525c54204290.json,M5_merge,M5_merge,3.945,14.61,"{""M5"": [-30.13, 81.42]}"
4c66a1ff494d0326,4c66a1ff494d0326.json,M5_merge,M5_merge,3.666,8.73,"{""M5"": [-14.93, 100.4]}"
a33abe19dd2ad254,a33abe19dd2ad254.json,M5_merge,M5_merge,3.462,15.68,"{""M5"": [-75.74, 79.61]}"
39bd73db0d742122,39bd73db0d742122.json,M5_merge,M5_merge,3.313,20.16,"{""M5"": [-29.1, 94.57]}"
e8f0bb32d5de2d24,e8f0bb32d5de2d24.json,M5_merge,M5_merge,3.237,4.02,"{""M5"": [-13.24, 20.39]}"
c710955bf6df9bd6,c710955bf6df9bd6.json,M5_merge,M5_merge,3.267,11.07,"{""M5"": [-48.7, 26.97]}"
c5f7559ce637d158,c5f7559ce637d158.json,M5_merge,M5_merge,3.273,0.0,"{""M5"": [-9.63, 15.03]}"
9f4270ce0aa3f8c3,9f4270ce0aa3f8c3.json,M5_merge,M5_merge,4.072,14.93,"{""M5"": [-29.3, 51.46]}"
793ca3974b95f19e,793ca3974b95f19e.json,M5_merge,M5_merge,2.789,11.94,"{""M5"": [-30.29, 70.88]}"
41e5d0a14afc65fe,41e5d0a14afc65fe.json,M5_merge,M5_merge,3.603,5.06,"{""M5"": [-34.46, 12.81]}"
7cbf0e765fca9e76,7cbf0e765fca9e76.json,M5_merge,M5_merge,3.332,12.29,"{""M5"": [-58.48, 45.52]}"
180ce0d9525fefad,180ce0d9525fefad.json,M5_merge,M5_merge,3.095,4.8,"{""M5"": [-22.29, 60.31]}"
5c7ecedbcbb18b21,5c7ecedbcbb18b21.json,M5_merge,M5_merge,3.606,23.64,"{""M5"": [-33.72, 156.03]}"
eb6df0134d7ac47f,eb6df0134d7ac47f.json,M5_merge,M5_merge,2.222,13.83,"{""M5"": [-44.35, 60.22]}"
335d32f832e5f076,335d32f832e5f076.json,M5_merge,M5_merge,3.145,17.84,"{""M5"": [-41.77, 99.26]}"
d1005ff0ae21f95d,d1005ff0ae21f95d.json,M5_merge,M6_temp_occupancy;M5_merge,3.033,1.46,"{""M6"": 12.09, ""M5"": [-10.7, 4.86]}"
e03381a1e69875df,e03381a1e69875df.json,M5_merge,M5_merge;M6_temp_occupancy,3.509,13.94,"{""M5"": [-36.14, 67.05], ""M6"": -4.03}"
a9d519a871369ec9,a9d519a871369ec9.json,M5_merge,M5_merge,3.512,1.07,"{""M5"": [-7.84, 26.22]}"
32e165cf3f26d718,32e165cf3f26d718.json,M5_merge,M5_merge,3.19,16.89,"{""M5"": [-59.64, 80.94]}"
78b920001b48881d,78b920001b48881d.json,M5_merge,M5_merge,3.371,20.05,"{""M5"": [-20.71, 111.0]}"
b1dab228a8902a1a,b1dab228a8902a1a.json,M5_merge,M5_merge,3.742,2.93,"{""M5"": [-9.76, 11.85]}"
1a12220e6534c2e2,1a12220e6534c2e2.json,M5_merge,M5_merge,2.871,8.68,"{""M5"": [-31.65, 47.51]}"
b080b8a75de6f465,b080b8a75de6f465.json,M5_merge,M5_merge,3.25,18.44,"{""M5"": [-36.18, 99.36]}"
e43d8ba5feec2f4c,e43d8ba5feec2f4c.json,M5_merge,M5_merge,3.869,0.36,"{""M5"": [-20.61, 31.14]}"
2f062e60ee68c1a5,2f062e60ee68c1a5.json,M5_merge,M5_merge,3.285,20.2,"{""M5"": [-43.87, 124.32]}"
865973078bb706b1,865973078bb706b1.json,M5_merge,M5_merge,3.376,0.0,"{""M5"": [-9.3, 14.52]}"
63418b1539331901,63418b1539331901.json,M5_merge,M5_merge;M6_temp_occupancy,3.511,14.63,"{""M5"": [-34.8, 95.74], ""M6"": -3.99}"
d709fe4d4c483cf2,d709fe4d4c483cf2.json,M5_merge,M5_merge,4.996,3.97,"{""M5"": [-18.02, 13.08]}"
7ea9286f24b35ce,7ea9286f24b35ce.json,M5_merge,M5_merge,3.29,19.65,"{""M5"": [-39.93, 115.68]}"
1b8e18bccbb016c7,1b8e18bccbb016c7.json,M5_merge,M5_merge,3.47,14.04,"{""M5"": [-59.31, 56.16]}"
6e1eda0e7ef91e27,6e1eda0e7ef91e27.json,M5_merge,M5_merge,2.781,15.64,"{""M5"": [-29.83, 103.41]}"
c1332ddc8f341b8c,c1332ddc8f341b8c.json,M5_merge,M5_merge,3.546,6.1,"{""M5"": [-28.49, 27.1]}"
12b591f1cf3a512f,12b591f1cf3a512f.json,M5_merge,M5_merge,3.126,0.0,"{""M5"": [-9.01, 13.06]}"
f36d556878508d27,f36d556878508d27.json,M5_merge,M5_merge,3.203,14.44,"{""M5"": [-22.1, 106.72]}"
17b25328341276d5,17b25328341276d5.json,M5_merge,M5_merge,4.06,13.67,"{""M5"": [-27.31, 92.02]}"
9bfc9cb152799616,9bfc9cb152799616.json,M5_merge,M5_merge,2.701,15.68,"{""M5"": [-21.6, 104.48]}"
52a0f8dd9925ef2f,52a0f8dd9925ef2f.json,M5_merge,M5_merge,3.591,19.66,"{""M5"": [-21.0, 131.38]}"
205b9be4bd273c8,205b9be4bd273c8.json,M5_merge,M5_merge,3.603,4.31,"{""M5"": [-23.33, 21.44]}"
cc9c4cee498b7d33,cc9c4cee498b7d33.json,M5_merge,M6_temp_occupancy;M5_merge,3.815,2.76,"{""M6"": -3.8, ""M5"": [-69.11, 11.09]}"
6646d8a4c3d41f86,6646d8a4c3d41f86.json,M5_merge,M5_merge,3.62,5.32,"{""M5"": [-21.95, 32.02]}"
31ae19fdb4f075ba,31ae19fdb4f075ba.json,M5_merge,M5_merge,3.425,20.05,"{""M5"": [-57.15, 111.44]}"
5f9a42f8298a9eea,5f9a42f8298a9eea.json,M5_merge,M5_merge,3.358,10.67,"{""M5"": [-42.24, 52.85]}"
d3ccf3a60c94897b,d3ccf3a60c94897b.json,M6_temp_occupancy,M6_temp_occupancy,3.649,0.0,"{""M6"": 11.0}"
86ea7ff0250ae8b2,86ea7ff0250ae8b2.json,M6_temp_occupancy,M6_temp_occupancy,3.109,0.0,"{""M6"": 30.35}"
7ae4b0661a825cbe,7ae4b0661a825cbe.json,M6_temp_occupancy,M6_temp_occupancy,3.166,0.0,"{""M6"": -3.58}"
8589a58aaa319e10,8589a58aaa319e10.json,M6_temp_occupancy,M6_temp_occupancy,3.379,4.28,"{""M6"": 3.7}"
53aaa12123cda64d,53aaa12123cda64d.json,M6_temp_occupancy,M6_temp_occupancy,2.675,0.0,"{""M6"": 3.2}"
17c5c69ac611ac01,17c5c69ac611ac01.json,M6_temp_occupancy,M6_temp_occupancy,3.494,1.58,"{""M6"": 12.41}"
3418ee634f3920df,3418ee634f3920df.json,M6_temp_occupancy,M6_temp_occupancy,3.425,0.0,"{""M6"": 72.64}"
19d0df1d5bb64120,19d0df1d5bb64120.json,M6_temp_occupancy,M6_temp_occupancy,3.33,5.44,"{""M6"": 3.84}"
bd7976b23815850c,bd7976b23815850c.json,M6_temp_occupancy,M6_temp_occupancy,3.407,17.07,"{""M6"": 3.04}"
95bc678c9f413f30,95bc678c9f413f30.json,M6_temp_occupancy,M6_temp_occupancy,3.695,14.04,"{""M6"": -3.01}"
7ec53982d954fb89,7ec53982d954fb89.json,M6_temp_occupancy,M6_temp_occupancy,4.347,0.0,"{""M6"": 58.81}"
b8108d7a8e6d9b0f,b8108d7a8e6d9b0f.json,M6_temp_occupancy,M6_temp_occupancy,3.4,1.92,"{""M6"": 20.23}"
33baa7bec0df48e6,33baa7bec0df48e6.json,M6_temp_occupancy,M6_temp_occupancy,3.439,7.65,"{""M6"": -13.97}"
702634b51c1ddcf5,702634b51c1ddcf5.json,M6_temp_occupancy,M6_temp_occupancy,3.328,0.0,"{""M6"": 69.6}"
f804b2352d0791d2,f804b2352d0791d2.json,M6_temp_occupancy,M6_temp_occupancy,2.776,4.02,"{""M6"": 13.96}"
1b7882c46e1bb5be,1b7882c46e1bb5be.json,M6_temp_occupancy,M6_temp_occupancy,3.327,0.0,"{""M6"": 5.52}"
83aaead1d047fcfd,83aaead1d047fcfd.json,M6_temp_occupancy,M6_temp_occupancy,4.702,0.3,"{""M6"": -54.41}"
4f663890025eab46,4f663890025eab46.json,M6_temp_occupancy,M6_temp_occupancy,1.132,2.21,"{""M6"": -12.48}"
887bd6aace8b75e9,887bd6aace8b75e9.json,M6_temp_occupancy,M6_temp_occupancy,3.664,4.35,"{""M6"": 3.48}"
d27136ce55af0d05,d27136ce55af0d05.json,M6_temp_occupancy,M6_temp_occupancy,2.592,1.37,"{""M6"": 3.54}"
fb142b6dfa344e7d,fb142b6dfa344e7d.json,M6_temp_occupancy,M6_temp_occupancy,3.456,0.0,"{""M6"": 66.96}"
d24010aa6888e4e5,d24010aa6888e4e5.json,M6_temp_occupancy,M6_temp_occupancy,3.712,0.0,"{""M6"": -6.5}"
c3c8dba7b2fac99b,c3c8dba7b2fac99b.json,M6_temp_occupancy,M6_temp_occupancy,3.263,0.0,"{""M6"": 67.74}"
6c50f7bf6b8d17ee,6c50f7bf6b8d17ee.json,M6_temp_occupancy,M6_temp_occupancy,4.318,0.0,"{""M6"": 46.22}"
d864c4fbd40d6060,d864c4fbd40d6060.json,M6_temp_occupancy,M6_temp_occupancy,3.279,1.94,"{""M6"": -14.59}"
8e1563974ac020a1,8e1563974ac020a1.json,M6_temp_occupancy,M6_temp_occupancy,3.124,0.0,"{""M6"": 58.38}"
3c63c09d67c69f10,3c63c09d67c69f10.json,M6_temp_occupancy,M6_temp_occupancy,3.306,0.0,"{""M6"": 12.36}"
443c9fa41bef7e1c,443c9fa41bef7e1c.json,M6_temp_occupancy,M6_temp_occupancy,1.747,1.21,"{""M6"": -9.83}"
e4248acdea6c8a04,e4248acdea6c8a04.json,M6_temp_occupancy,M6_temp_occupancy,2.734,14.4,"{""M6"": 25.79}"
d35138e6f57e58f,d35138e6f57e58f.json,M6_temp_occupancy,M6_temp_occupancy,3.711,13.45,"{""M6"": -4.81}"
be42918ebd3fa0f0,be42918ebd3fa0f0.json,M6_temp_occupancy,M6_temp_occupancy,3.995,1.57,"{""M6"": 31.1}"
3f555b82bde102fc,3f555b82bde102fc.json,M6_temp_occupancy,M6_temp_occupancy,4.702,1.17,"{""M6"": 4.0}"
6dff8688d5814ff6,6dff8688d5814ff6.json,M6_temp_occupancy,M6_temp_occupancy,5.616,3.98,"{""M6"": 11.16}"
f5cf95b720b572f9,f5cf95b720b572f9.json,M6_temp_occupancy,M6_temp_occupancy,3.432,1.66,"{""M6"": 55.0}"
ec7f75c46b30a664,ec7f75c46b30a664.json,M6_temp_occupancy,M6_temp_occupancy,3.325,0.0,"{""M6"": 72.9}"
e17b50b6b8aba55b,e17b50b6b8aba55b.json,M6_temp_occupancy,M6_temp_occupancy,2.715,0.0,"{""M6"": 20.87}"
124d7f59135f20a5,124d7f59135f20a5.json,M6_temp_occupancy,M6_temp_occupancy,3.338,15.67,"{""M6"": -3.92}"
20d86c79c5b93eee,20d86c79c5b93eee.json,M6_temp_occupancy,M6_temp_occupancy,3.308,0.58,"{""M6"": 65.14}"
15dd8b00811682c6,15dd8b00811682c6.json,M6_temp_occupancy,M6_temp_occupancy,3.813,0.0,"{""M6"": 45.14}"
e53427e70b8b956d,e53427e70b8b956d.json,M6_temp_occupancy,M6_temp_occupancy,3.285,0.4,"{""M6"": -69.8}"
f31626a269c44694,f31626a269c44694.json,M6_temp_occupancy,M6_temp_occupancy,3.641,0.0,"{""M6"": 17.7}"
3c878000bc5ecd2e,3c878000bc5ecd2e.json,M6_temp_occupancy,M6_temp_occupancy,3.653,0.48,"{""M6"": 71.96}"
c7a26ee2a91219bc,c7a26ee2a91219bc.json,M6_temp_occupancy,M6_temp_occupancy,3.606,0.0,"{""M6"": 18.52}"
16204a7755094bb7,16204a7755094bb7.json,M6_temp_occupancy,M6_temp_occupancy,3.151,7.21,"{""M6"": -4.34}"
ed7deb8d2dee3b52,ed7deb8d2dee3b52.json,M6_temp_occupancy,M6_temp_occupancy,3.077,14.45,"{""M6"": 4.23}"
cd10d9c4e582dce2,cd10d9c4e582dce2.json,M6_temp_occupancy,M6_temp_occupancy,2.75,4.97,"{""M6"": -3.38}"
73806f84d0434ef3,73806f84d0434ef3.json,M6_temp_occupancy,M6_temp_occupancy,2.679,10.67,"{""M6"": 3.15}"
563d70d87bbc465b,563d70d87bbc465b.json,M6_temp_occupancy,M6_temp_occupancy,3.334,3.4,"{""M6"": -66.26}"
cfa9e536755eaf1d,cfa9e536755eaf1d.json,M6_temp_occupancy,M6_temp_occupancy,3.351,0.0,"{""M6"": 4.49}"
7e92290bd886d936,7e92290bd886d936.json,M6_temp_occupancy,M6_temp_occupancy,3.351,0.0,"{""M6"": 46.13}"
3921421d5571f009,3921421d5571f009.json,M6_temp_occupancy,M6_temp_occupancy,3.311,0.0,"{""M6"": -70.88}"
2e10359a52c4c299,2e10359a52c4c299.json,M6_temp_occupancy,M6_temp_occupancy,3.081,5.4,"{""M6"": 19.68}"
be509a6ffaaa9637,be509a6ffaaa9637.json,M6_temp_occupancy,M6_temp_occupancy,3.291,0.0,"{""M6"": 10.18}"
b96922fb23927f9f,b96922fb23927f9f.json,M6_temp_occupancy,M6_temp_occupancy,3.059,10.37,"{""M6"": 3.97}"
3c0d54fef36f68c3,3c0d54fef36f68c3.json,M6_temp_occupancy,M6_temp_occupancy,3.343,0.0,"{""M6"": 42.65}"
44b68799dbb7da70,44b68799dbb7da70.json,M6_temp_occupancy,M6_temp_occupancy,5.066,6.93,"{""M6"": 34.39}"
190944907e8617c0,190944907e8617c0.json,M6_temp_occupancy,M6_temp_occupancy,3.526,3.79,"{""M6"": 52.26}"
5cc2e7d7cf13c9b5,5cc2e7d7cf13c9b5.json,M6_temp_occupancy,M6_temp_occupancy,3.213,0.0,"{""M6"": 70.61}"
5f76aca0e8d6d060,5f76aca0e8d6d060.json,M6_temp_occupancy,M6_temp_occupancy,3.385,0.0,"{""M6"": 64.82}"
eaddb9cfd4bdee3,eaddb9cfd4bdee3.json,M6_temp_occupancy,M6_temp_occupancy,2.302,7.92,"{""M6"": -4.59}"
3a05a500c09f362,3a05a500c09f362.json,M6_temp_occupancy,M6_temp_occupancy,3.357,10.85,"{""M6"": 10.53}"
834851971ef51d60,834851971ef51d60.json,M6_temp_occupancy,M6_temp_occupancy,3.369,1.06,"{""M6"": 30.28}"
82db149ce5803678,82db149ce5803678.json,M6_temp_occupancy,M6_temp_occupancy,4.159,0.0,"{""M6"": 10.04}"
2533b9fed1fde2ca,2533b9fed1fde2ca.json,M6_temp_occupancy,M6_temp_occupancy,3.139,0.0,"{""M6"": 56.0}"
a0ba5287bfa5fa01,a0ba5287bfa5fa01.json,M6_temp_occupancy,M6_temp_occupancy,3.736,3.1,"{""M6"": -76.47}"
709b4273b440d9df,709b4273b440d9df.json,M6_temp_occupancy,M6_temp_occupancy,2.951,17.89,"{""M6"": -4.3}"
f4f8114477b9d87,f4f8114477b9d87.json,M6_temp_occupancy,M6_temp_occupancy,4.029,0.85,"{""M6"": 56.39}"
53523986d5d038fe,53523986d5d038fe.json,M6_temp_occupancy,M6_temp_occupancy,3.391,11.07,"{""M6"": 30.55}"
89242baa45d9460f,89242baa45d9460f.json,M6_temp_occupancy,M6_temp_occupancy,3.991,0.0,"{""M6"": 66.16}"
534768c085f72923,534768c085f72923.json,M6_temp_occupancy,M6_temp_occupancy,3.074,0.0,"{""M6"": 68.2}"
79c076bb5b2087ca,79c076bb5b2087ca.json,M6_temp_occupancy,M6_temp_occupancy,3.193,0.0,"{""M6"": 69.41}"
b1e5c3613f253cd6,b1e5c3613f253cd6.json,M6_temp_occupancy,M6_temp_occupancy,3.389,0.0,"{""M6"": 22.15}"
964835b104e546b7,964835b104e546b7.json,M6_temp_occupancy,M6_temp_occupancy,2.855,0.0,"{""M6"": 48.05}"
5618d078fc67e99f,5618d078fc67e99f.json,M6_temp_occupancy,M6_temp_occupancy,3.038,0.0,"{""M6"": 70.78}"
51288c5c978c52bb,51288c5c978c52bb.json,M6_temp_occupancy,M6_temp_occupancy,3.331,7.17,"{""M6"": -19.29}"
48f93b86942dfe7c,48f93b86942dfe7c.json,M6_temp_occupancy,M6_temp_occupancy,3.175,8.4,"{""M6"": -56.47}"
8468181412d01e3,8468181412d01e3.json,M6_temp_occupancy,M6_temp_occupancy,2.905,3.42,"{""M6"": -75.2}"
5fbe9ec16c1da7,5fbe9ec16c1da7.json,M6_temp_occupancy,M6_temp_occupancy,3.766,14.94,"{""M6"": 6.95}"
d1c30693ca04bbf4,d1c30693ca04bbf4.json,M6_temp_occupancy,M6_temp_occupancy,2.992,0.0,"{""M6"": 3.44}"
d70bd171d452a911,d70bd171d452a911.json,M6_temp_occupancy,M6_temp_occupancy,3.405,0.0,"{""M6"": 48.92}"
