state_A,state_B,group_A,group_B,uid_A,uid_B,cos_dir,mag_sim,same_route,delta_ego_speed,curv_A,curv_B,dom_dist_A,dom_dist_B,dom_type_A,dom_type_B
V000023,V000099,B_ParkingCutIn,A_HardBreak,route10|ParkingCutIn_5,route3|HardBreakRoute_7,0.9932,0.9917,0,3.17,,,15.69,8.35,1,1
V000023,V000056,B_ParkingCutIn,A_HardBreak,route10|ParkingCutIn_5,route14|HardBreakRoute_6,0.9854,0.9733,0,0.7,,,15.69,12.02,1,1
V000017,V000046,B_ParkingCutIn,A_HardBreak,route10|ParkingCutIn_3,route14|HardBreakRoute_1,0.9845,0.9968,0,0.06,,,11.11,12.22,1,1
V000017,V000052,B_ParkingCutIn,A_HardBreak,route10|ParkingCutIn_3,route14|HardBreakRoute_2,0.982,0.9971,0,0.79,,,11.11,12.26,1,1
V000023,V000047,B_ParkingCutIn,A_HardBreak,route10|ParkingCutIn_5,route14|HardBreakRoute_1,0.9819,0.9439,0,6.14,,,15.69,9.76,1,1
V000023,V000091,B_ParkingCutIn,A_HardBreak,route10|ParkingCutIn_5,route3|HardBreakRoute_1,0.9802,0.9769,0,2.75,,,15.69,8.34,1,1
V000021,V000052,B_ParkingCutIn,A_HardBreak,route10|ParkingCutIn_4,route14|HardBreakRoute_2,0.9794,0.9865,0,0.53,,,11.14,12.26,1,1
V000035,V000105,D_PedestrianCrossing,B_ParkingCutIn,route10|PedestrianCrossing_5,route3|ParkingCutIn_4,0.9793,0.5743,0,4.07,,,9.67,5.49,2,1
V000023,V000048,B_ParkingCutIn,A_HardBreak,route10|ParkingCutIn_5,route14|HardBreakRoute_1,0.9773,0.9867,0,2.68,,,15.69,7.8,1,1
V000012,V000035,B_ParkingCutIn,D_PedestrianCrossing,route10|ParkingCutIn_1,route10|PedestrianCrossing_5,0.9767,0.5732,1,0.39,,,4.33,9.67,1,2
V000021,V000091,B_ParkingCutIn,A_HardBreak,route10|ParkingCutIn_4,route3|HardBreakRoute_1,0.9761,0.9969,0,3.04,,,11.14,8.34,1,1
V000021,V000048,B_ParkingCutIn,A_HardBreak,route10|ParkingCutIn_4,route14|HardBreakRoute_1,0.9759,0.9877,0,3.11,,,11.14,7.8,1,1
V000014,V000047,B_ParkingCutIn,A_HardBreak,route10|ParkingCutIn_2,route14|HardBreakRoute_1,0.9743,0.9162,0,2.75,,,10.71,9.76,1,1
V000023,V000046,B_ParkingCutIn,A_HardBreak,route10|ParkingCutIn_5,route14|HardBreakRoute_1,0.972,0.9812,0,5.99,,,15.69,12.22,1,1
V000014,V000099,B_ParkingCutIn,A_HardBreak,route10|ParkingCutIn_2,route3|HardBreakRoute_7,0.9718,0.9608,0,0.23,,,10.71,8.35,1,1
V000021,V000046,B_ParkingCutIn,A_HardBreak,route10|ParkingCutIn_4,route14|HardBreakRoute_1,0.9713,0.9916,0,0.2,,,11.14,12.22,1,1
V000023,V000052,B_ParkingCutIn,A_HardBreak,route10|ParkingCutIn_5,route14|HardBreakRoute_2,0.9695,0.9854,0,5.26,,,15.69,12.26,1,1
V000021,V000056,B_ParkingCutIn,A_HardBreak,route10|ParkingCutIn_4,route14|HardBreakRoute_6,0.9679,0.9987,0,5.09,,,11.14,12.02,1,1
V000024,V000047,B_ParkingCutIn,A_HardBreak,route10|ParkingCutIn_5,route14|HardBreakRoute_1,0.9671,0.9595,0,6.21,,,12.94,9.76,1,1
V000095,V000105,A_HardBreak,B_ParkingCutIn,route3|HardBreakRoute_4,route3|ParkingCutIn_4,0.967,0.9939,1,1.38,,,8.09,5.49,1,1
V000035,V000095,D_PedestrianCrossing,A_HardBreak,route10|PedestrianCrossing_5,route3|HardBreakRoute_4,0.9654,0.6583,0,5.46,,,9.67,8.09,2,1
V000021,V000095,B_ParkingCutIn,A_HardBreak,route10|ParkingCutIn_4,route3|HardBreakRoute_4,0.964,0.9994,0,5.78,,,11.14,8.09,1,1
V000014,V000056,B_ParkingCutIn,A_HardBreak,route10|ParkingCutIn_2,route14|HardBreakRoute_6,0.9623,0.9648,0,2.7,,,10.71,12.02,1,1
V000017,V000048,B_ParkingCutIn,A_HardBreak,route10|ParkingCutIn_3,route14|HardBreakRoute_1,0.9605,0.9983,0,3.37,,,11.11,7.8,1,1
V000018,V000052,B_ParkingCutIn,A_HardBreak,route10|ParkingCutIn_3,route14|HardBreakRoute_2,0.9588,0.9945,0,0.75,,,9.87,12.26,1,1
V000017,V000091,B_ParkingCutIn,A_HardBreak,route10|ParkingCutIn_3,route3|HardBreakRoute_1,0.9583,0.9934,0,3.3,,,11.11,8.34,1,1
V000017,V000056,B_ParkingCutIn,A_HardBreak,route10|ParkingCutIn_3,route14|HardBreakRoute_6,0.9575,0.9885,0,5.35,,,11.11,12.02,1,1
V000012,V000095,B_ParkingCutIn,A_HardBreak,route10|ParkingCutIn_1,route3|HardBreakRoute_4,0.9573,0.9931,0,5.85,,,4.33,8.09,1,1
V000012,V000031,B_ParkingCutIn,D_PedestrianCrossing,route10|ParkingCutIn_1,route10|PedestrianCrossing_4,0.9565,0.8193,1,0.92,,,4.33,9.75,1,2
V000045,V000074,A_HardBreak,C_VehicleTurning,route14|HardBreakRoute_1,route14|VehicleTurningRoute_1,0.9564,0.997,1,0.0,,,5.49,5.76,1,1
V000024,V000056,B_ParkingCutIn,A_HardBreak,route10|ParkingCutIn_5,route14|HardBreakRoute_6,0.9555,0.9879,0,0.76,,,12.94,12.02,1,1
V000018,V000046,B_ParkingCutIn,A_HardBreak,route10|ParkingCutIn_3,route14|HardBreakRoute_1,0.9552,0.9908,0,1.48,,,9.87,12.22,1,1
V000024,V000099,B_ParkingCutIn,A_HardBreak,route10|ParkingCutIn_5,route3|HardBreakRoute_7,0.9534,0.9787,0,3.23,,,12.94,8.35,1,1
V000018,V000035,B_ParkingCutIn,D_PedestrianCrossing,route10|ParkingCutIn_3,route10|PedestrianCrossing_5,0.9513,0.8098,1,0.96,,,9.87,9.67,1,2
V000031,V000105,D_PedestrianCrossing,B_ParkingCutIn,route10|PedestrianCrossing_4,route3|ParkingCutIn_4,0.9511,0.828,0,3.54,,,9.75,5.49,2,1
V000012,V000074,B_ParkingCutIn,C_VehicleTurning,route10|ParkingCutIn_1,route14|VehicleTurningRoute_1,0.9501,0.9983,0,0.29,,,4.33,5.76,1,1
V000021,V000099,B_ParkingCutIn,A_HardBreak,route10|ParkingCutIn_4,route3|HardBreakRoute_7,0.9485,0.9511,0,2.62,,,11.14,8.35,1,1
V000012,V000061,B_ParkingCutIn,D_PedestrianCrossing,route10|ParkingCutIn_1,route14|PedestrianCrossing_2,0.942,0.6543,0,0.62,,,4.33,9.72,1,2
V000017,V000099,B_ParkingCutIn,A_HardBreak,route10|ParkingCutIn_3,route3|HardBreakRoute_7,0.9419,0.9799,0,2.88,,,11.11,8.35,1,1
V000021,V000035,B_ParkingCutIn,D_PedestrianCrossing,route10|ParkingCutIn_4,route10|PedestrianCrossing_5,0.9416,0.6517,1,0.32,,,11.14,9.67,1,2
V000017,V000047,B_ParkingCutIn,A_HardBreak,route10|ParkingCutIn_3,route14|HardBreakRoute_1,0.9399,0.9771,0,0.09,,,11.11,9.76,1,1
V000014,V000091,B_ParkingCutIn,A_HardBreak,route10|ParkingCutIn_2,route3|HardBreakRoute_1,0.939,0.9713,0,0.65,,,10.71,8.34,1,1
V000074,V000105,C_VehicleTurning,B_ParkingCutIn,route14|VehicleTurningRoute_1,route3|ParkingCutIn_4,0.9338,0.9996,0,4.75,,,5.76,5.49,1,1
V000014,V000048,B_ParkingCutIn,A_HardBreak,route10|ParkingCutIn_2,route14|HardBreakRoute_1,0.9332,0.971,0,0.72,,,10.71,7.8,1,1
V000018,V000095,B_ParkingCutIn,A_HardBreak,route10|ParkingCutIn_3,route3|HardBreakRoute_4,0.9326,0.9703,0,4.5,,,9.87,8.09,1,1
V000061,V000105,D_PedestrianCrossing,B_ParkingCutIn,route14|PedestrianCrossing_2,route3|ParkingCutIn_4,0.9316,0.6591,0,3.85,,,9.72,5.49,2,1
V000031,V000095,D_PedestrianCrossing,A_HardBreak,route10|PedestrianCrossing_4,route3|HardBreakRoute_4,0.9258,0.8717,0,4.93,,,9.75,8.09,2,1
V000035,V000052,D_PedestrianCrossing,A_HardBreak,route10|PedestrianCrossing_5,route14|HardBreakRoute_2,0.9252,0.75,0,0.21,,,9.67,12.26,2,1
V000016,V000040,B_ParkingCutIn,C_VehicleTurning,route10|ParkingCutIn_3,route10|VehicleTurningRoute_1,0.9232,0.903,1,3.28,,,5.77,6.47,1,1
V000021,V000047,B_ParkingCutIn,A_HardBreak,route10|ParkingCutIn_4,route14|HardBreakRoute_1,0.922,0.9851,0,0.35,,,11.14,9.76,1,1
V000016,V000082,B_ParkingCutIn,C_VehicleTurning,route10|ParkingCutIn_3,route14|VehicleTurningRoute_3,0.921,0.9007,0,3.63,,,5.77,2.09,1,1
V000052,V000105,A_HardBreak,B_ParkingCutIn,route14|HardBreakRoute_2,route3|ParkingCutIn_4,0.9196,0.9667,0,3.87,,,12.26,5.49,1,1
V000076,V000098,C_VehicleTurning,A_HardBreak,route14|VehicleTurningRoute_2,route3|HardBreakRoute_7,0.9176,0.7262,0,0.49,,,9.73,8.92,1,1
V000061,V000074,D_PedestrianCrossing,C_VehicleTurning,route14|PedestrianCrossing_2,route14|VehicleTurningRoute_1,0.9163,0.6565,1,0.9,,,9.72,5.76,2,1
V000011,V000082,B_ParkingCutIn,C_VehicleTurning,route10|ParkingCutIn_1,route14|VehicleTurningRoute_3,0.9153,0.998,0,6.44,,,3.75,2.09,1,1
V000035,V000074,D_PedestrianCrossing,C_VehicleTurning,route10|PedestrianCrossing_5,route14|VehicleTurningRoute_1,0.9151,0.5675,0,0.68,,,9.67,5.76,2,1
V000045,V000061,A_HardBreak,D_PedestrianCrossing,route14|HardBreakRoute_1,route14|PedestrianCrossing_2,0.915,0.6148,1,0.9,,,5.49,9.72,1,2
V000035,V000046,D_PedestrianCrossing,A_HardBreak,route10|PedestrianCrossing_5,route14|HardBreakRoute_1,0.9143,0.7282,0,0.52,,,9.67,12.22,2,1
V000018,V000048,B_ParkingCutIn,A_HardBreak,route10|ParkingCutIn_3,route14|HardBreakRoute_1,0.9137,0.9906,0,1.82,,,9.87,7.8,1,1
V000024,V000091,B_ParkingCutIn,A_HardBreak,route10|ParkingCutIn_5,route3|HardBreakRoute_1,0.9137,0.992,0,2.81,,,12.94,8.34,1,1
V000013,V000026,B_ParkingCutIn,D_PedestrianCrossing,route10|ParkingCutIn_2,route10|PedestrianCrossing_3,0.9108,0.8567,1,1.39,,,9.94,10.34,1,2
V000011,V000040,B_ParkingCutIn,C_VehicleTurning,route10|ParkingCutIn_1,route10|VehicleTurningRoute_1,0.9098,0.9872,1,6.09,,,3.75,6.47,1,1
V000018,V000091,B_ParkingCutIn,A_HardBreak,route10|ParkingCutIn_3,route3|HardBreakRoute_1,0.9086,0.9835,0,1.75,,,9.87,8.34,1,1
V000018,V000031,B_ParkingCutIn,D_PedestrianCrossing,route10|ParkingCutIn_3,route10|PedestrianCrossing_4,0.9079,0.9298,1,0.43,,,9.87,9.75,1,2
V000031,V000074,D_PedestrianCrossing,C_VehicleTurning,route10|PedestrianCrossing_4,route14|VehicleTurningRoute_1,0.9075,0.8323,0,1.21,,,9.75,5.76,2,1
V000024,V000048,B_ParkingCutIn,A_HardBreak,route10|ParkingCutIn_5,route14|HardBreakRoute_1,0.907,0.9935,0,2.74,,,12.94,7.8,1,1
V000046,V000105,A_HardBreak,B_ParkingCutIn,route14|HardBreakRoute_1,route3|ParkingCutIn_4,0.9064,0.9755,0,4.6,,,12.22,5.49,1,1
V000014,V000046,B_ParkingCutIn,A_HardBreak,route10|ParkingCutIn_2,route14|HardBreakRoute_1,0.9024,0.979,0,2.59,,,10.71,12.22,1,1
