state_id,scenario_group,unique_instance_id,route_id,frame,scenario_progress,quartile,dominant_actor_id,dominant_token_idx,D1,D2,D1_D2_ratio,snapshot_path
S000000,A_HardBreak,route10|HardBreakRoute_1,route10|HardBreakRoute_1,2060,0.0669,Q1_early,4180,2,3.31211,0.18909,17.516,outputs/gate6/snapshots/exact_town12_route10_route0_09_04_14_40_59/f002060.npz
S000001,A_HardBreak,route10|HardBreakRoute_1,route10|HardBreakRoute_1,2540,0.4682,Q2_early-mid,4320,1,10.24609,3.00357,3.411,outputs/gate6/snapshots/exact_town12_route10_route0_09_04_14_40_59/f002540.npz
S000002,A_HardBreak,route10|HardBreakRoute_1,route10|HardBreakRoute_1,2580,0.5017,Q3_late-mid,4320,1,3.36322,1.05933,3.175,outputs/gate6/snapshots/exact_town12_route10_route0_09_04_14_40_59/f002580.npz
S000003,A_HardBreak,route10|HardBreakRoute_1,route10|HardBreakRoute_1,2928,0.7926,Q4_late,3928,8,3.43963,0.89978,3.823,outputs/gate6/snapshots/exact_town12_route10_route0_09_04_14_40_59/f002928.npz
S000004,A_HardBreak,route10|HardBreakRoute_2,route10|HardBreakRoute_2,1692,0.214,Q1_early,3724,7,7.68869,0.16612,46.283,outputs/gate6/snapshots/exact_town12_route10_route0_09_04_14_40_59/f001692.npz
S000005,A_HardBreak,route10|HardBreakRoute_2,route10|HardBreakRoute_2,1800,0.3043,Q2_early-mid,3699,12,6.22924,0.68221,9.131,outputs/gate6/snapshots/exact_town12_route10_route0_09_04_14_40_59/f001800.npz
S000006,A_HardBreak,route10|HardBreakRoute_2,route10|HardBreakRoute_2,2332,0.7492,Q3_late-mid,3726,9,7.49305,2.83002,2.648,outputs/gate6/snapshots/exact_town12_route10_route0_09_04_14_40_59/f002332.npz
S000007,A_HardBreak,route10|HardBreakRoute_2,route10|HardBreakRoute_2,2540,0.9231,Q4_late,4320,1,10.24609,3.00357,3.411,outputs/gate6/snapshots/exact_town12_route10_route0_09_04_14_40_59/f002540.npz
S000008,A_HardBreak,route10|HardBreakRoute_3,route10|HardBreakRoute_3,12892,0.1639,Q1_early,4441,14,3.1383,0.92252,3.402,outputs/gate6/snapshots/exact_town12_route10_route0_09_04_14_40_59/f012892.npz
S000009,A_HardBreak,route10|HardBreakRoute_3,route10|HardBreakRoute_3,13160,0.388,Q2_early-mid,4692,12,9.4591,1.16411,8.126,outputs/gate6/snapshots/exact_town12_route10_route0_09_04_14_40_59/f013160.npz
S000010,A_HardBreak,route10|HardBreakRoute_3,route10|HardBreakRoute_3,13440,0.6221,Q3_late-mid,4716,9,11.99701,0.94791,12.656,outputs/gate6/snapshots/exact_town12_route10_route0_09_04_14_40_59/f013440.npz
S000011,A_HardBreak,route10|HardBreakRoute_3,route10|HardBreakRoute_3,13644,0.7926,Q4_late,4734,6,3.90768,2.42245,1.613,outputs/gate6/snapshots/exact_town12_route10_route0_09_04_14_40_59/f013644.npz
S000012,A_HardBreak,route10|HardBreakRoute_4,route10|HardBreakRoute_4,344,0.1214,Q1_early,3720,4,6.77522,1.63133,4.153,outputs/gate6/snapshots/exact_town12_route10_route0_09_04_14_40_59/f000344.npz
S000013,A_HardBreak,route10|HardBreakRoute_4,route10|HardBreakRoute_4,708,0.4464,Q2_early-mid,3720,4,5.06631,0.59055,8.579,outputs/gate6/snapshots/exact_town12_route10_route0_09_04_14_40_59/f000708.npz
S000014,A_HardBreak,route10|HardBreakRoute_4,route10|HardBreakRoute_4,1036,0.7393,Q3_late-mid,3720,4,4.80652,0.56994,8.433,outputs/gate6/snapshots/exact_town12_route10_route0_09_04_14_40_59/f001036.npz
S000015,A_HardBreak,route10|HardBreakRoute_4,route10|HardBreakRoute_4,1268,0.9464,Q4_late,3720,4,4.82376,0.57651,8.367,outputs/gate6/snapshots/exact_town12_route10_route0_09_04_14_40_59/f001268.npz
S000016,A_HardBreak,route10|HardBreakRoute_5,route10|HardBreakRoute_5,344,0.125,Q1_early,3720,4,6.77522,1.63133,4.153,outputs/gate6/snapshots/exact_town12_route10_route0_09_04_14_40_59/f000344.npz
S000017,A_HardBreak,route10|HardBreakRoute_5,route10|HardBreakRoute_5,708,0.4596,Q2_early-mid,3720,4,5.06631,0.59055,8.579,outputs/gate6/snapshots/exact_town12_route10_route0_09_04_14_40_59/f000708.npz
S000018,A_HardBreak,route10|HardBreakRoute_5,route10|HardBreakRoute_5,820,0.5625,Q3_late-mid,3720,4,4.78938,0.60692,7.891,outputs/gate6/snapshots/exact_town12_route10_route0_09_04_14_40_59/f000820.npz
S000019,A_HardBreak,route10|HardBreakRoute_5,route10|HardBreakRoute_5,1268,0.9743,Q4_late,3720,4,4.82376,0.57651,8.367,outputs/gate6/snapshots/exact_town12_route10_route0_09_04_14_40_59/f001268.npz
S000020,B_ParkingCutIn,route10|ParkingCutIn_1,route10|ParkingCutIn_1,4764,0.0816,Q1_early,4529,12,2.64152,1.2653,2.088,outputs/gate6/snapshots/exact_town12_route10_route0_09_04_14_40_59/f004764.npz
S000021,B_ParkingCutIn,route10|ParkingCutIn_1,route10|ParkingCutIn_1,4924,0.4898,Q2_early-mid,4533,10,5.22577,1.84745,2.829,outputs/gate6/snapshots/exact_town12_route10_route0_09_04_14_40_59/f004924.npz
S000022,B_ParkingCutIn,route10|ParkingCutIn_1,route10|ParkingCutIn_1,5016,0.7245,Q3_late-mid,4276,1,11.7417,0.0505,232.494,outputs/gate6/snapshots/exact_town12_route10_route0_09_04_14_40_59/f005016.npz
S000023,B_ParkingCutIn,route10|ParkingCutIn_1,route10|ParkingCutIn_1,5028,0.7551,Q4_late,4276,1,10.72054,0.18681,57.387,outputs/gate6/snapshots/exact_town12_route10_route0_09_04_14_40_59/f005028.npz
S000024,B_ParkingCutIn,route10|ParkingCutIn_2,route10|ParkingCutIn_2,13776,0.2245,Q1_early,4737,8,0.45177,0.21221,2.129,outputs/gate6/snapshots/exact_town12_route10_route0_09_04_14_40_59/f013776.npz
S000025,B_ParkingCutIn,route10|ParkingCutIn_2,route10|ParkingCutIn_2,13876,0.4796,Q2_early-mid,4175,1,2.14674,1.42314,1.508,outputs/gate6/snapshots/exact_town12_route10_route0_09_04_14_40_59/f013876.npz
S000026,B_ParkingCutIn,route10|ParkingCutIn_2,route10|ParkingCutIn_2,13956,0.6837,Q3_late-mid,4175,1,9.67206,0.78431,12.332,outputs/gate6/snapshots/exact_town12_route10_route0_09_04_14_40_59/f013956.npz
S000027,B_ParkingCutIn,route10|ParkingCutIn_2,route10|ParkingCutIn_2,14000,0.7959,Q4_late,4175,1,5.61658,0.12649,44.404,outputs/gate6/snapshots/exact_town12_route10_route0_09_04_14_40_59/f014000.npz
S000028,B_ParkingCutIn,route10|ParkingCutIn_3,route10|ParkingCutIn_3,21372,0.0836,Q1_early,4017,1,8.79287,0.18101,48.576,outputs/gate6/snapshots/exact_town12_route10_route0_09_04_14_40_59/f021372.npz
S000029,B_ParkingCutIn,route10|ParkingCutIn_3,route10|ParkingCutIn_3,21672,0.3248,Q2_early-mid,3701,1,11.36656,0.32089,35.422,outputs/gate6/snapshots/exact_town12_route10_route0_09_04_14_40_59/f021672.npz
S000030,B_ParkingCutIn,route10|ParkingCutIn_3,route10|ParkingCutIn_3,22016,0.6013,Q3_late-mid,3701,1,3.94443,0.69053,5.712,outputs/gate6/snapshots/exact_town12_route10_route0_09_04_14_40_59/f022016.npz
S000031,B_ParkingCutIn,route10|ParkingCutIn_3,route10|ParkingCutIn_3,22492,0.9839,Q4_late,3701,1,5.06168,1.80302,2.807,outputs/gate6/snapshots/exact_town12_route10_route0_09_04_14_40_59/f022492.npz
S000032,B_ParkingCutIn,route10|ParkingCutIn_4,route10|ParkingCutIn_4,23216,0.0214,Q1_early,5015,11,4.57942,0.23002,19.909,outputs/gate6/snapshots/exact_town12_route10_route0_09_04_14_40_59/f023216.npz
S000033,B_ParkingCutIn,route10|ParkingCutIn_4,route10|ParkingCutIn_4,24280,0.7326,Q3_late-mid,5034,16,3.25849,0.13857,23.515,outputs/gate6/snapshots/exact_town12_route10_route0_09_04_14_40_59/f024280.npz
S000034,B_ParkingCutIn,route10|ParkingCutIn_4,route10|ParkingCutIn_4,24460,0.8529,Q4_late,3704,1,9.14147,0.59551,15.351,outputs/gate6/snapshots/exact_town12_route10_route0_09_04_14_40_59/f024460.npz
S000035,B_ParkingCutIn,route10|ParkingCutIn_5,route10|ParkingCutIn_5,33956,0.4364,Q2_early-mid,5613,8,5.57824,1.33467,4.179,outputs/gate6/snapshots/exact_town12_route10_route0_09_04_14_40_59/f033956.npz
S000036,B_ParkingCutIn,route10|ParkingCutIn_5,route10|ParkingCutIn_5,33976,0.5273,Q3_late-mid,3713,1,3.99717,0.441,9.064,outputs/gate6/snapshots/exact_town12_route10_route0_09_04_14_40_59/f033976.npz
S000037,B_ParkingCutIn,route10|ParkingCutIn_5,route10|ParkingCutIn_5,34060,0.9091,Q4_late,3713,1,4.00965,0.05595,71.663,outputs/gate6/snapshots/exact_town12_route10_route0_09_04_14_40_59/f034060.npz
S000038,D_PedestrianCrossing,route10|PedestrianCrossing_1,route10|PedestrianCrossing_1,2856,0.1628,Q1_early,4364,1,0.87138,0.21121,4.126,outputs/gate6/snapshots/exact_town12_route10_route0_09_04_14_40_59/f002856.npz
S000039,D_PedestrianCrossing,route10|PedestrianCrossing_1,route10|PedestrianCrossing_1,2912,0.4884,Q2_early-mid,3928,7,1.62215,0.30474,5.323,outputs/gate6/snapshots/exact_town12_route10_route0_09_04_14_40_59/f002912.npz
S000040,D_PedestrianCrossing,route10|PedestrianCrossing_1,route10|PedestrianCrossing_1,2928,0.5814,Q3_late-mid,3928,8,3.43963,0.89978,3.823,outputs/gate6/snapshots/exact_town12_route10_route0_09_04_14_40_59/f002928.npz
S000041,D_PedestrianCrossing,route10|PedestrianCrossing_1,route10|PedestrianCrossing_1,2976,0.8605,Q4_late,3928,7,0.79573,0.27683,2.874,outputs/gate6/snapshots/exact_town12_route10_route0_09_04_14_40_59/f002976.npz
S000042,D_PedestrianCrossing,route10|PedestrianCrossing_2,route10|PedestrianCrossing_2,12832,0.2381,Q1_early,4687,5,0.41502,0.2537,1.636,outputs/gate6/snapshots/exact_town12_route10_route0_09_04_14_40_59/f012832.npz
S000043,D_PedestrianCrossing,route10|PedestrianCrossing_2,route10|PedestrianCrossing_2,12876,0.5,Q2_early-mid,4441,13,1.69345,0.62357,2.716,outputs/gate6/snapshots/exact_town12_route10_route0_09_04_14_40_59/f012876.npz
S000044,D_PedestrianCrossing,route10|PedestrianCrossing_2,route10|PedestrianCrossing_2,12892,0.5952,Q3_late-mid,4441,14,3.1383,0.92252,3.402,outputs/gate6/snapshots/exact_town12_route10_route0_09_04_14_40_59/f012892.npz
S000045,D_PedestrianCrossing,route10|PedestrianCrossing_2,route10|PedestrianCrossing_2,12920,0.7619,Q4_late,4441,14,0.69502,0.40775,1.705,outputs/gate6/snapshots/exact_town12_route10_route0_09_04_14_40_59/f012920.npz
S000046,D_PedestrianCrossing,route10|PedestrianCrossing_3,route10|PedestrianCrossing_3,17612,0.1837,Q1_early,4877,2,1.23222,0.36383,3.387,outputs/gate6/snapshots/exact_town12_route10_route0_09_04_14_40_59/f017612.npz
S000047,D_PedestrianCrossing,route10|PedestrianCrossing_3,route10|PedestrianCrossing_3,17668,0.4694,Q2_early-mid,4655,8,4.09795,0.12932,31.688,outputs/gate6/snapshots/exact_town12_route10_route0_09_04_14_40_59/f017668.npz
S000048,D_PedestrianCrossing,route10|PedestrianCrossing_3,route10|PedestrianCrossing_3,17696,0.6122,Q3_late-mid,4882,2,2.1745,0.70787,3.072,outputs/gate6/snapshots/exact_town12_route10_route0_09_04_14_40_59/f017696.npz
S000049,D_PedestrianCrossing,route10|PedestrianCrossing_3,route10|PedestrianCrossing_3,17736,0.8163,Q4_late,4882,4,3.34348,1.37666,2.429,outputs/gate6/snapshots/exact_town12_route10_route0_09_04_14_40_59/f017736.npz
S000050,D_PedestrianCrossing,route10|PedestrianCrossing_4,route10|PedestrianCrossing_4,24948,0.1176,Q1_early,5087,4,1.30191,0.15663,8.312,outputs/gate6/snapshots/exact_town12_route10_route0_09_04_14_40_59/f024948.npz
S000051,D_PedestrianCrossing,route10|PedestrianCrossing_4,route10|PedestrianCrossing_4,25024,0.4902,Q2_early-mid,3708,13,2.71002,0.75894,3.571,outputs/gate6/snapshots/exact_town12_route10_route0_09_04_14_40_59/f025024.npz
S000052,D_PedestrianCrossing,route10|PedestrianCrossing_4,route10|PedestrianCrossing_4,25040,0.5686,Q3_late-mid,3708,12,4.97874,0.42748,11.647,outputs/gate6/snapshots/exact_town12_route10_route0_09_04_14_40_59/f025040.npz
S000053,D_PedestrianCrossing,route10|PedestrianCrossing_4,route10|PedestrianCrossing_4,25080,0.7647,Q4_late,3708,12,1.27729,0.15133,8.441,outputs/gate6/snapshots/exact_town12_route10_route0_09_04_14_40_59/f025080.npz
S000054,D_PedestrianCrossing,route10|PedestrianCrossing_5,route10|PedestrianCrossing_5,33728,0.1795,Q1_early,5611,5,1.39484,0.20682,6.744,outputs/gate6/snapshots/exact_town12_route10_route0_09_04_14_40_59/f033728.npz
S000055,D_PedestrianCrossing,route10|PedestrianCrossing_5,route10|PedestrianCrossing_5,33740,0.2564,Q2_early-mid,5611,5,0.80176,0.44243,1.812,outputs/gate6/snapshots/exact_town12_route10_route0_09_04_14_40_59/f033740.npz
S000056,D_PedestrianCrossing,route10|PedestrianCrossing_5,route10|PedestrianCrossing_5,33800,0.641,Q3_late-mid,3734,13,1.49636,0.28427,5.264,outputs/gate6/snapshots/exact_town12_route10_route0_09_04_14_40_59/f033800.npz
S000057,D_PedestrianCrossing,route10|PedestrianCrossing_5,route10|PedestrianCrossing_5,33820,0.7692,Q4_late,5622,3,1.75459,0.36883,4.757,outputs/gate6/snapshots/exact_town12_route10_route0_09_04_14_40_59/f033820.npz
S000058,C_VehicleTurning,route10|VehicleTurningRoute_1,route10|VehicleTurningRoute_1,14240,0.2042,Q1_early,4762,3,0.56151,0.1594,3.523,outputs/gate6/snapshots/exact_town12_route10_route0_09_04_14_40_59/f014240.npz
S000059,C_VehicleTurning,route10|VehicleTurningRoute_1,route10|VehicleTurningRoute_1,14408,0.5,Q2_early-mid,4087,1,10.48386,0.19543,53.646,outputs/gate6/snapshots/exact_town12_route10_route0_09_04_14_40_59/f014408.npz
S000060,C_VehicleTurning,route10|VehicleTurningRoute_1,route10|VehicleTurningRoute_1,14548,0.7465,Q3_late-mid,4087,1,11.0153,0.04573,220.306,outputs/gate6/snapshots/exact_town12_route10_route0_09_04_14_40_59/f014548.npz
S000061,C_VehicleTurning,route10|VehicleTurningRoute_1,route10|VehicleTurningRoute_1,14636,0.9014,Q4_late,4087,1,11.48863,0.08087,142.072,outputs/gate6/snapshots/exact_town12_route10_route0_09_04_14_40_59/f014636.npz
S000062,C_VehicleTurning,route10|VehicleTurningRoute_2,route10|VehicleTurningRoute_2,18436,0.0586,Q1_early,4894,6,8.72557,0.27961,31.206,outputs/gate6/snapshots/exact_town12_route10_route0_09_04_14_40_59/f018436.npz
S000063,C_VehicleTurning,route10|VehicleTurningRoute_2,route10|VehicleTurningRoute_2,18832,0.2815,Q2_early-mid,4917,6,1.51265,0.05203,29.071,outputs/gate6/snapshots/exact_town12_route10_route0_09_04_14_40_59/f018832.npz
S000064,C_VehicleTurning,route10|VehicleTurningRoute_2,route10|VehicleTurningRoute_2,19640,0.7365,Q3_late-mid,4794,9,10.90848,0.8897,12.261,outputs/gate6/snapshots/exact_town12_route10_route0_09_04_14_40_59/f019640.npz
S000065,C_VehicleTurning,route10|VehicleTurningRoute_2,route10|VehicleTurningRoute_2,19884,0.8739,Q4_late,4794,7,11.69982,0.87703,13.34,outputs/gate6/snapshots/exact_town12_route10_route0_09_04_14_40_59/f019884.npz
S000066,A_HardBreak,route14|HardBreakRoute_1,route14|HardBreakRoute_1,238,0.0581,Q1_early,3706,3,8.11619,0.27925,29.064,outputs/gate6/snapshots/exact_town12_route14_route0_09_04_15_52_40/f000238.npz
S000067,A_HardBreak,route14|HardBreakRoute_1,route14|HardBreakRoute_1,438,0.2519,Q2_early-mid,3706,8,5.69034,0.38875,14.638,outputs/gate6/snapshots/exact_town12_route14_route0_09_04_15_52_40/f000438.npz
S000068,A_HardBreak,route14|HardBreakRoute_1,route14|HardBreakRoute_1,794,0.5969,Q3_late-mid,3706,16,4.16589,0.8048,5.176,outputs/gate6/snapshots/exact_town12_route14_route0_09_04_15_52_40/f000794.npz
S000069,A_HardBreak,route14|HardBreakRoute_1,route14|HardBreakRoute_1,1078,0.8721,Q4_late,3706,15,6.56457,0.12157,53.997,outputs/gate6/snapshots/exact_town12_route14_route0_09_04_15_52_40/f001078.npz
S000070,A_HardBreak,route14|HardBreakRoute_2,route14|HardBreakRoute_2,1378,0.0736,Q1_early,3709,7,7.2151,0.34192,21.102,outputs/gate6/snapshots/exact_town12_route14_route0_09_04_15_52_40/f001378.npz
S000071,A_HardBreak,route14|HardBreakRoute_2,route14|HardBreakRoute_2,1650,0.301,Q2_early-mid,3783,7,7.39919,0.19794,37.382,outputs/gate6/snapshots/exact_town12_route14_route0_09_04_15_52_40/f001650.npz
S000072,A_HardBreak,route14|HardBreakRoute_2,route14|HardBreakRoute_2,2022,0.612,Q3_late-mid,3858,4,7.81549,0.56879,13.74,outputs/gate6/snapshots/exact_town12_route14_route0_09_04_15_52_40/f002022.npz
S000073,A_HardBreak,route14|HardBreakRoute_2,route14|HardBreakRoute_2,2230,0.786,Q4_late,3858,4,6.42626,0.49697,12.931,outputs/gate6/snapshots/exact_town12_route14_route0_09_04_15_52_40/f002230.npz
S000074,A_HardBreak,route14|HardBreakRoute_6,route14|HardBreakRoute_6,25786,0.1806,Q1_early,5341,18,5.24933,0.38948,13.478,outputs/gate6/snapshots/exact_town12_route14_route0_09_04_15_52_40/f025786.npz
S000075,A_HardBreak,route14|HardBreakRoute_6,route14|HardBreakRoute_6,26090,0.4348,Q2_early-mid,5176,22,5.90182,1.07036,5.514,outputs/gate6/snapshots/exact_town12_route14_route0_09_04_15_52_40/f026090.npz
S000076,A_HardBreak,route14|HardBreakRoute_6,route14|HardBreakRoute_6,26266,0.5819,Q3_late-mid,5432,14,8.394,0.23071,36.384,outputs/gate6/snapshots/exact_town12_route14_route0_09_04_15_52_40/f026266.npz
S000077,A_HardBreak,route14|HardBreakRoute_6,route14|HardBreakRoute_6,26566,0.8328,Q4_late,5432,22,5.91713,0.48817,12.121,outputs/gate6/snapshots/exact_town12_route14_route0_09_04_15_52_40/f026566.npz
S000078,D_PedestrianCrossing,route14|PedestrianCrossing_1,route14|PedestrianCrossing_1,6430,0.2188,Q1_early,4124,3,1.03553,0.18648,5.553,outputs/gate6/snapshots/exact_town12_route14_route0_09_04_15_52_40/f006430.npz
S000079,D_PedestrianCrossing,route14|PedestrianCrossing_1,route14|PedestrianCrossing_1,6438,0.25,Q2_early-mid,4124,5,0.89263,0.36364,2.455,outputs/gate6/snapshots/exact_town12_route14_route0_09_04_15_52_40/f006438.npz
S000080,D_PedestrianCrossing,route14|PedestrianCrossing_1,route14|PedestrianCrossing_1,6526,0.5938,Q3_late-mid,4134,3,1.37622,0.77624,1.773,outputs/gate6/snapshots/exact_town12_route14_route0_09_04_15_52_40/f006526.npz
S000081,D_PedestrianCrossing,route14|PedestrianCrossing_1,route14|PedestrianCrossing_1,6566,0.75,Q4_late,4134,4,0.84031,0.04817,16.806,outputs/gate6/snapshots/exact_town12_route14_route0_09_04_15_52_40/f006566.npz
S000082,D_PedestrianCrossing,route14|PedestrianCrossing_2,route14|PedestrianCrossing_2,11514,0.2295,Q1_early,4668,5,1.09425,0.31223,3.505,outputs/gate6/snapshots/exact_town12_route14_route0_09_04_15_52_40/f011514.npz
S000083,D_PedestrianCrossing,route14|PedestrianCrossing_2,route14|PedestrianCrossing_2,11578,0.4918,Q2_early-mid,4419,14,1.24802,0.62048,2.011,outputs/gate6/snapshots/exact_town12_route14_route0_09_04_15_52_40/f011578.npz
S000084,D_PedestrianCrossing,route14|PedestrianCrossing_2,route14|PedestrianCrossing_2,11606,0.6066,Q3_late-mid,4680,3,4.98626,0.567,8.794,outputs/gate6/snapshots/exact_town12_route14_route0_09_04_15_52_40/f011606.npz
S000085,D_PedestrianCrossing,route14|PedestrianCrossing_2,route14|PedestrianCrossing_2,11642,0.7541,Q4_late,4680,3,2.55396,0.12956,19.713,outputs/gate6/snapshots/exact_town12_route14_route0_09_04_15_52_40/f011642.npz
S000086,D_PedestrianCrossing,route14|PedestrianCrossing_3,route14|PedestrianCrossing_3,14118,0.0833,Q1_early,4561,9,0.38046,0.07412,5.133,outputs/gate6/snapshots/exact_town12_route14_route0_09_04_15_52_40/f014118.npz
S000087,D_PedestrianCrossing,route14|PedestrianCrossing_3,route14|PedestrianCrossing_3,14178,0.5,Q2_early-mid,4563,13,0.39049,0.11712,3.334,outputs/gate6/snapshots/exact_town12_route14_route0_09_04_15_52_40/f014178.npz
S000088,D_PedestrianCrossing,route14|PedestrianCrossing_3,route14|PedestrianCrossing_3,14210,0.7222,Q3_late-mid,4807,3,0.65967,0.25635,2.573,outputs/gate6/snapshots/exact_town12_route14_route0_09_04_15_52_40/f014210.npz
S000089,D_PedestrianCrossing,route14|PedestrianCrossing_3,route14|PedestrianCrossing_3,14218,0.7778,Q4_late,4752,14,0.48051,0.31063,1.547,outputs/gate6/snapshots/exact_town12_route14_route0_09_04_15_52_40/f014218.npz
S000090,D_PedestrianCrossing,route14|PedestrianCrossing_4,route14|PedestrianCrossing_4,20370,0.2041,Q1_early,5141,1,0.86936,0.27219,3.194,outputs/gate6/snapshots/exact_town12_route14_route0_09_04_15_52_40/f020370.npz
S000091,D_PedestrianCrossing,route14|PedestrianCrossing_4,route14|PedestrianCrossing_4,20426,0.4898,Q2_early-mid,4874,6,0.68821,0.35583,1.934,outputs/gate6/snapshots/exact_town12_route14_route0_09_04_15_52_40/f020426.npz
S000092,D_PedestrianCrossing,route14|PedestrianCrossing_4,route14|PedestrianCrossing_4,20466,0.6939,Q3_late-mid,5158,1,0.92315,0.38624,2.39,outputs/gate6/snapshots/exact_town12_route14_route0_09_04_15_52_40/f020466.npz
S000093,D_PedestrianCrossing,route14|PedestrianCrossing_4,route14|PedestrianCrossing_4,20502,0.8776,Q4_late,5164,1,1.02027,0.46728,2.183,outputs/gate6/snapshots/exact_town12_route14_route0_09_04_15_52_40/f020502.npz
S000094,C_VehicleTurning,route14|VehicleTurningRoute_1,route14|VehicleTurningRoute_1,5090,0.0777,Q1_early,4038,4,6.68214,0.44166,15.13,outputs/gate6/snapshots/exact_town12_route14_route0_09_04_15_52_40/f005090.npz
S000095,C_VehicleTurning,route14|VehicleTurningRoute_1,route14|VehicleTurningRoute_1,5350,0.288,Q2_early-mid,4038,4,4.81293,0.38002,12.665,outputs/gate6/snapshots/exact_town12_route14_route0_09_04_15_52_40/f005350.npz
S000096,C_VehicleTurning,route14|VehicleTurningRoute_1,route14|VehicleTurningRoute_1,5894,0.7282,Q3_late-mid,4038,4,6.72746,0.59152,11.373,outputs/gate6/snapshots/exact_town12_route14_route0_09_04_15_52_40/f005894.npz
S000097,C_VehicleTurning,route14|VehicleTurningRoute_1,route14|VehicleTurningRoute_1,6150,0.9353,Q4_late,3885,2,11.4875,0.0411,229.75,outputs/gate6/snapshots/exact_town12_route14_route0_09_04_15_52_40/f006150.npz
S000098,C_VehicleTurning,route14|VehicleTurningRoute_2,route14|VehicleTurningRoute_2,12046,0.227,Q1_early,4701,6,0.69004,0.44415,1.554,outputs/gate6/snapshots/exact_town12_route14_route0_09_04_15_52_40/f012046.npz
S000099,C_VehicleTurning,route14|VehicleTurningRoute_2,route14|VehicleTurningRoute_2,12206,0.4724,Q2_early-mid,4270,1,9.86781,1.15343,8.555,outputs/gate6/snapshots/exact_town12_route14_route0_09_04_15_52_40/f012206.npz
S000100,C_VehicleTurning,route14|VehicleTurningRoute_2,route14|VehicleTurningRoute_2,12374,0.7301,Q3_late-mid,4270,1,11.26105,2.03555,5.532,outputs/gate6/snapshots/exact_town12_route14_route0_09_04_15_52_40/f012374.npz
S000101,C_VehicleTurning,route14|VehicleTurningRoute_2,route14|VehicleTurningRoute_2,12390,0.7546,Q4_late,4270,1,10.87036,1.38235,7.864,outputs/gate6/snapshots/exact_town12_route14_route0_09_04_15_52_40/f012390.npz
S000102,C_VehicleTurning,route14|VehicleTurningRoute_3,route14|VehicleTurningRoute_3,17298,0.0993,Q1_early,4977,11,6.66703,0.19551,34.101,outputs/gate6/snapshots/exact_town12_route14_route0_09_04_15_52_40/f017298.npz
S000103,C_VehicleTurning,route14|VehicleTurningRoute_3,route14|VehicleTurningRoute_3,17854,0.4062,Q2_early-mid,4977,15,4.75551,0.76546,6.213,outputs/gate6/snapshots/exact_town12_route14_route0_09_04_15_52_40/f017854.npz
S000104,C_VehicleTurning,route14|VehicleTurningRoute_3,route14|VehicleTurningRoute_3,18474,0.7483,Q3_late-mid,4643,1,10.78301,0.05221,206.546,outputs/gate6/snapshots/exact_town12_route14_route0_09_04_15_52_40/f018474.npz
S000105,C_VehicleTurning,route14|VehicleTurningRoute_3,route14|VehicleTurningRoute_3,18930,1.0,Q4_late,4643,1,11.5267,0.24303,47.429,outputs/gate6/snapshots/exact_town12_route14_route0_09_04_15_52_40/f018930.npz
S000106,C_VehicleTurning,route14|VehicleTurningRoute_4,route14|VehicleTurningRoute_4,29094,0.2396,Q1_early,5655,9,5.84667,0.41481,14.095,outputs/gate6/snapshots/exact_town12_route14_route0_09_04_15_52_40/f029094.npz
S000107,C_VehicleTurning,route14|VehicleTurningRoute_4,route14|VehicleTurningRoute_4,29294,0.5,Q2_early-mid,5592,7,8.05942,0.23154,34.807,outputs/gate6/snapshots/exact_town12_route14_route0_09_04_15_52_40/f029294.npz
S000108,C_VehicleTurning,route14|VehicleTurningRoute_4,route14|VehicleTurningRoute_4,29482,0.7448,Q3_late-mid,5592,8,10.20253,0.50561,20.179,outputs/gate6/snapshots/exact_town12_route14_route0_09_04_15_52_40/f029482.npz
S000109,C_VehicleTurning,route14|VehicleTurningRoute_4,route14|VehicleTurningRoute_4,29598,0.8958,Q4_late,5592,9,10.56523,0.37111,28.47,outputs/gate6/snapshots/exact_town12_route14_route0_09_04_15_52_40/f029598.npz
S000110,C_VehicleTurning,route14|VehicleTurningRoute_5,route14|VehicleTurningRoute_5,30054,0.0121,Q1_early,5604,8,6.3182,0.14691,43.007,outputs/gate6/snapshots/exact_town12_route14_route0_09_04_15_52_40/f030054.npz
S000111,C_VehicleTurning,route14|VehicleTurningRoute_5,route14|VehicleTurningRoute_5,35382,0.9567,Q4_late,5608,7,11.3441,0.91469,12.402,outputs/gate6/snapshots/exact_town12_route14_route0_09_04_15_52_40/f035382.npz
S000112,A_HardBreak,route3|HardBreakRoute_1,route3|HardBreakRoute_1,1045,0.1973,Q1_early,3722,14,12.09142,0.09596,126.004,outputs/gate6/snapshots/exact_town12_route3_discovery_route0_09_04_17_01_56/f001045.npz
S000113,A_HardBreak,route3|HardBreakRoute_1,route3|HardBreakRoute_1,1385,0.4816,Q2_early-mid,4012,3,5.25037,0.19348,27.136,outputs/gate6/snapshots/exact_town12_route3_discovery_route0_09_04_17_01_56/f001385.npz
S000114,A_HardBreak,route3|HardBreakRoute_1,route3|HardBreakRoute_1,1413,0.505,Q3_late-mid,4012,3,4.68382,0.40522,11.559,outputs/gate6/snapshots/exact_town12_route3_discovery_route0_09_04_17_01_56/f001413.npz
S000115,A_HardBreak,route3|HardBreakRoute_1,route3|HardBreakRoute_1,1981,0.9799,Q4_late,4012,2,9.39027,0.09512,98.724,outputs/gate6/snapshots/exact_town12_route3_discovery_route0_09_04_17_01_56/f001981.npz
S000116,A_HardBreak,route3|HardBreakRoute_10,route3|HardBreakRoute_10,253,0.0618,Q1_early,3719,3,7.49423,0.143,52.406,outputs/gate6/snapshots/exact_town12_route3_discovery_route0_09_04_17_01_56/f000253.npz
S000117,A_HardBreak,route3|HardBreakRoute_10,route3|HardBreakRoute_10,449,0.251,Q2_early-mid,3719,6,5.17776,0.64307,8.052,outputs/gate6/snapshots/exact_town12_route3_discovery_route0_09_04_17_01_56/f000449.npz
S000118,A_HardBreak,route3|HardBreakRoute_10,route3|HardBreakRoute_10,781,0.5714,Q3_late-mid,3719,6,6.77335,0.08525,79.453,outputs/gate6/snapshots/exact_town12_route3_discovery_route0_09_04_17_01_56/f000781.npz
S000119,A_HardBreak,route3|HardBreakRoute_10,route3|HardBreakRoute_10,1045,0.8263,Q4_late,3722,14,12.09142,0.09596,126.004,outputs/gate6/snapshots/exact_town12_route3_discovery_route0_09_04_17_01_56/f001045.npz
S000120,A_HardBreak,route3|HardBreakRoute_4,route3|HardBreakRoute_4,3797,0.0201,Q1_early,4149,9,11.29139,0.16523,68.338,outputs/gate6/snapshots/exact_town12_route3_discovery_route0_09_04_17_01_56/f003797.npz
S000121,A_HardBreak,route3|HardBreakRoute_4,route3|HardBreakRoute_4,4101,0.2742,Q2_early-mid,4156,7,5.0879,0.19223,26.467,outputs/gate6/snapshots/exact_town12_route3_discovery_route0_09_04_17_01_56/f004101.npz
S000122,A_HardBreak,route3|HardBreakRoute_4,route3|HardBreakRoute_4,4669,0.7492,Q3_late-mid,4156,11,4.67951,1.09522,4.273,outputs/gate6/snapshots/exact_town12_route3_discovery_route0_09_04_17_01_56/f004669.npz
S000123,A_HardBreak,route3|HardBreakRoute_4,route3|HardBreakRoute_4,4925,0.9632,Q4_late,4237,15,8.3768,0.10474,79.977,outputs/gate6/snapshots/exact_town12_route3_discovery_route0_09_04_17_01_56/f004925.npz
S000124,A_HardBreak,route3|HardBreakRoute_5,route3|HardBreakRoute_5,7013,0.2107,Q1_early,4118,5,9.24908,0.42302,21.864,outputs/gate6/snapshots/exact_town12_route3_discovery_route0_09_04_17_01_56/f007013.npz
S000125,A_HardBreak,route3|HardBreakRoute_5,route3|HardBreakRoute_5,7297,0.4482,Q2_early-mid,4122,3,7.81996,1.23093,6.353,outputs/gate6/snapshots/exact_town12_route3_discovery_route0_09_04_17_01_56/f007297.npz
S000126,A_HardBreak,route3|HardBreakRoute_5,route3|HardBreakRoute_5,7477,0.5987,Q3_late-mid,4120,1,6.35551,1.71728,3.701,outputs/gate6/snapshots/exact_town12_route3_discovery_route0_09_04_17_01_56/f007477.npz
S000127,A_HardBreak,route3|HardBreakRoute_5,route3|HardBreakRoute_5,7785,0.8562,Q4_late,4120,2,5.01894,1.71072,2.934,outputs/gate6/snapshots/exact_town12_route3_discovery_route0_09_04_17_01_56/f007785.npz
S000128,A_HardBreak,route3|HardBreakRoute_7,route3|HardBreakRoute_7,5145,0.0903,Q1_early,4237,8,11.21953,0.15689,71.512,outputs/gate6/snapshots/exact_town12_route3_discovery_route0_09_04_17_01_56/f005145.npz
S000129,A_HardBreak,route3|HardBreakRoute_7,route3|HardBreakRoute_7,5369,0.2776,Q2_early-mid,4237,6,6.57534,0.32735,20.086,outputs/gate6/snapshots/exact_town12_route3_discovery_route0_09_04_17_01_56/f005369.npz
S000130,A_HardBreak,route3|HardBreakRoute_7,route3|HardBreakRoute_7,5677,0.5351,Q3_late-mid,4045,4,8.44853,0.05406,156.279,outputs/gate6/snapshots/exact_town12_route3_discovery_route0_09_04_17_01_56/f005677.npz
S000131,A_HardBreak,route3|HardBreakRoute_7,route3|HardBreakRoute_7,6229,0.9967,Q4_late,4349,2,9.3151,0.63656,14.634,outputs/gate6/snapshots/exact_town12_route3_discovery_route0_09_04_17_01_56/f006229.npz
S000132,A_HardBreak,route3|HardBreakRoute_8,route3|HardBreakRoute_8,4017,0.0167,Q1_early,3954,8,6.55094,0.45283,14.467,outputs/gate6/snapshots/exact_town12_route3_discovery_route0_09_04_17_01_56/f004017.npz
S000133,A_HardBreak,route3|HardBreakRoute_8,route3|HardBreakRoute_8,4321,0.2709,Q2_early-mid,4156,12,4.87381,0.37926,12.851,outputs/gate6/snapshots/exact_town12_route3_discovery_route0_09_04_17_01_56/f004321.npz
S000134,A_HardBreak,route3|HardBreakRoute_8,route3|HardBreakRoute_8,4893,0.7492,Q3_late-mid,4237,15,8.21171,0.12683,64.748,outputs/gate6/snapshots/exact_town12_route3_discovery_route0_09_04_17_01_56/f004893.npz
S000135,A_HardBreak,route3|HardBreakRoute_8,route3|HardBreakRoute_8,5145,0.9599,Q4_late,4237,8,11.21953,0.15689,71.512,outputs/gate6/snapshots/exact_town12_route3_discovery_route0_09_04_17_01_56/f005145.npz
S000136,B_ParkingCutIn,route3|ParkingCutIn_1,route3|ParkingCutIn_1,781,0.0505,Q1_early,3719,6,6.77335,0.08525,79.453,outputs/gate6/snapshots/exact_town12_route3_discovery_route0_09_04_17_01_56/f000781.npz
S000137,B_ParkingCutIn,route3|ParkingCutIn_1,route3|ParkingCutIn_1,929,0.4242,Q2_early-mid,3967,1,0.64586,0.17712,3.646,outputs/gate6/snapshots/exact_town12_route3_discovery_route0_09_04_17_01_56/f000929.npz
S000138,B_ParkingCutIn,route3|ParkingCutIn_1,route3|ParkingCutIn_1,1045,0.7172,Q3_late-mid,3722,14,12.09142,0.09596,126.004,outputs/gate6/snapshots/exact_town12_route3_discovery_route0_09_04_17_01_56/f001045.npz
S000139,B_ParkingCutIn,route3|ParkingCutIn_1,route3|ParkingCutIn_1,1061,0.7576,Q4_late,3722,16,7.57662,0.13506,56.1,outputs/gate6/snapshots/exact_town12_route3_discovery_route0_09_04_17_01_56/f001061.npz
S000140,B_ParkingCutIn,route3|ParkingCutIn_2,route3|ParkingCutIn_2,7297,0.1485,Q1_early,4122,3,7.81996,1.23093,6.353,outputs/gate6/snapshots/exact_town12_route3_discovery_route0_09_04_17_01_56/f007297.npz
S000141,B_ParkingCutIn,route3|ParkingCutIn_2,route3|ParkingCutIn_2,7477,0.345,Q2_early-mid,4120,1,6.35551,1.71728,3.701,outputs/gate6/snapshots/exact_town12_route3_discovery_route0_09_04_17_01_56/f007477.npz
S000142,B_ParkingCutIn,route3|ParkingCutIn_2,route3|ParkingCutIn_2,7785,0.6812,Q3_late-mid,4120,2,5.01894,1.71072,2.934,outputs/gate6/snapshots/exact_town12_route3_discovery_route0_09_04_17_01_56/f007785.npz
S000143,B_ParkingCutIn,route3|ParkingCutIn_2,route3|ParkingCutIn_2,8025,0.9432,Q4_late,4120,2,6.87705,1.07342,6.407,outputs/gate6/snapshots/exact_town12_route3_discovery_route0_09_04_17_01_56/f008025.npz
S000144,B_ParkingCutIn,route3|ParkingCutIn_3,route3|ParkingCutIn_3,8513,0.1228,Q1_early,4404,10,7.8479,1.09367,7.176,outputs/gate6/snapshots/exact_town12_route3_discovery_route0_09_04_17_01_56/f008513.npz
S000145,B_ParkingCutIn,route3|ParkingCutIn_3,route3|ParkingCutIn_3,15613,0.9878,Q4_late,4098,2,7.148,1.55358,4.601,outputs/gate6/snapshots/exact_town12_route3_discovery_route0_09_04_17_01_56/f015613.npz
S000146,B_ParkingCutIn,route3|ParkingCutIn_4,route3|ParkingCutIn_4,5453,0.0015,Q1_early,4023,9,1.96576,0.11183,17.578,outputs/gate6/snapshots/exact_town12_route3_discovery_route0_09_04_17_01_56/f005453.npz
S000147,B_ParkingCutIn,route3|ParkingCutIn_4,route3|ParkingCutIn_4,10561,0.9552,Q4_late,4069,1,10.85444,0.16947,64.048,outputs/gate6/snapshots/exact_town12_route3_discovery_route0_09_04_17_01_56/f010561.npz
S000148,D_PedestrianCrossing,route3|PedestrianCrossing_1,route3|PedestrianCrossing_1,5453,0.0435,Q1_early,4023,9,1.96576,0.11183,17.578,outputs/gate6/snapshots/exact_town12_route3_discovery_route0_09_04_17_01_56/f005453.npz
S000149,D_PedestrianCrossing,route3|PedestrianCrossing_1,route3|PedestrianCrossing_1,5533,0.4783,Q2_early-mid,4019,15,0.57867,0.11184,5.174,outputs/gate6/snapshots/exact_town12_route3_discovery_route0_09_04_17_01_56/f005533.npz
S000150,D_PedestrianCrossing,route3|PedestrianCrossing_1,route3|PedestrianCrossing_1,5565,0.6522,Q3_late-mid,4019,14,1.01057,0.2008,5.033,outputs/gate6/snapshots/exact_town12_route3_discovery_route0_09_04_17_01_56/f005565.npz
S000151,D_PedestrianCrossing,route3|PedestrianCrossing_1,route3|PedestrianCrossing_1,5593,0.8043,Q4_late,4021,13,0.64405,0.40806,1.578,outputs/gate6/snapshots/exact_town12_route3_discovery_route0_09_04_17_01_56/f005593.npz
S000152,C_VehicleTurning,route3|VehicleTurningRoute_1,route3|VehicleTurningRoute_1,6405,0.1786,Q1_early,4349,1,8.28482,0.16723,49.541,outputs/gate6/snapshots/exact_town12_route3_discovery_route0_09_04_17_01_56/f006405.npz
S000153,C_VehicleTurning,route3|VehicleTurningRoute_1,route3|VehicleTurningRoute_1,6529,0.3631,Q2_early-mid,4349,1,7.27903,0.43832,16.606,outputs/gate6/snapshots/exact_town12_route3_discovery_route0_09_04_17_01_56/f006529.npz
S000154,C_VehicleTurning,route3|VehicleTurningRoute_1,route3|VehicleTurningRoute_1,6645,0.5357,Q3_late-mid,4349,1,5.21425,0.75026,6.95,outputs/gate6/snapshots/exact_town12_route3_discovery_route0_09_04_17_01_56/f006645.npz
S000155,C_VehicleTurning,route3|VehicleTurningRoute_1,route3|VehicleTurningRoute_1,6953,0.994,Q4_late,4108,2,6.31918,0.67951,9.3,outputs/gate6/snapshots/exact_town12_route3_discovery_route0_09_04_17_01_56/f006953.npz
