route,config_name,group,type,triggered,actor_mapping,in_token,interaction,ego_response,detail
route10,ParkingCutIn_3,B,ParkingCutIn,Y,Y,Y,Y,Y(stop),"obs_t=1063-1126s min_dist=3.2m close_frames=250 ego_min=-7.159239810130879 lateral_cross=[(3701, 4.6, -0.0, 0.0)]"
route10,ParkingCutIn_4,B,ParkingCutIn,Y,Y,Y,Y,Y(stop),"obs_t=1159-1234s min_dist=3.1m close_frames=115 ego_min=-0.011751257047102994 lateral_cross=[(3704, 3.1, -0.0, 0.0)]"
route10,PedestrianCrossing_4,D,PedestrianCrossing,Y,Y,Y,Y,Y(stop),"obs_t=1246-1256s min_dist=4.4m close_frames=74 ego_min=0.014322921821880016 lateral_cross=[(3710, 3.6, -5.3, 0.1), (3706, 4.6, -5.9, 0.1)]"
route10,ParkingCutIn_5,B,ParkingCutIn,Y,Y,Y,Y,Y(slow),"obs_t=1693-1704s min_dist=3.1m close_frames=53 ego_min=1.519617840362814 lateral_cross=[(3713, 43.4, -0.0, 0.0)]"
route10,PedestrianCrossing_5,D,PedestrianCrossing,Y,Y,Y,Y,Y(stop),"obs_t=1685-1693s min_dist=5.2m close_frames=79 ego_min=0.01085606384455546 lateral_cross=[(3738, 3.5, -5.5, 0.1)]"
route10,PedestrianCrossing_1,D,PedestrianCrossing,Y,Y,Y,Y,Y(stop),"obs_t=141-150s min_dist=4.1m close_frames=67 ego_min=0.3177165249897116 lateral_cross=[(3930, 3.6, -5.4, 0.0), (3926, 4.6, -5.6, 0.0)]"
route10,VehicleTurningRoute_1,C,VehicleTurningRoute,Y,Y,Y,Y,Y(stop),obs_t=706-735s min_dist=2.5m close_frames=95 ego_min=-0.02355325387470792 lateral_cross=[]
route10,ParkingCutIn_2,B,ParkingCutIn,Y,Y,Y,Y,Y(stop),obs_t=684-704s min_dist=3.1m close_frames=93 ego_min=0.0028996004275785676 lateral_cross=[]
route10,ParkingCutIn_1,B,ParkingCutIn,Y,Y,Y,Y,Y(stop),"obs_t=237-256s min_dist=3.2m close_frames=81 ego_min=-0.013475403878188671 lateral_cross=[(4276, 3.2, -0.0, 0.0)]"
route10,PedestrianCrossing_2,D,PedestrianCrossing,Y,Y,Y,Y,Y(stop),"obs_t=640-648s min_dist=4.4m close_frames=69 ego_min=0.007595442809018805 lateral_cross=[(4443, 3.6, -5.4, 0.2), (4439, 4.6, -4.6, 0.0)]"
route10,PedestrianCrossing_3,D,PedestrianCrossing,Y,Y,Y,Y,Y(stop),"obs_t=879-889s min_dist=4.6m close_frames=64 ego_min=0.004109632936991075 lateral_cross=[(4653, 4.6, -5.7, 0.1), (4657, 3.6, -5.1, 0.1)]"
route10,VehicleTurningRoute_2,C,VehicleTurningRoute,Y,Y,Y,Y,Y(stop),"obs_t=917-1005s min_dist=2.1m close_frames=153 ego_min=-0.01700679859722264 lateral_cross=[(4794, 17.5, -2.9, 0.2)]"
route10,HardBreakRoute_5,A,HardBreakRoute,Y,N/A(no owned),Y,Y,Y(stop),stop_t=10-16s lead_id=3827 lead_speed_before=None during=0.0 ego_stopped
route10,HardBreakRoute_4,A,HardBreakRoute,Y,N/A(no owned),Y,Y,Y(stop),stop_t=10-16s lead_id=3827 lead_speed_before=None during=0.0 ego_stopped
route10,HardBreakRoute_2,A,HardBreakRoute,Y,N/A(no owned),Y,Y,Y(stop),stop_t=116-117s lead_id=3727 lead_speed_before=0.0 during=0.0 ego_stopped
route10,HardBreakRoute_1,A,HardBreakRoute,Y,N/A(no owned),Y,Y,Y(stop),stop_t=116-117s lead_id=3727 lead_speed_before=0.0 during=0.0 ego_stopped
route10,HardBreakRoute_3,A,HardBreakRoute,Y,N/A(no owned),Y,Y,Y(stop),stop_t=659-660s lead_id=4692 lead_speed_before=17.884567260742188 during=3.3153858184814453 ego_stopped
route10,HardBreakRoute_6,A,HardBreakRoute,Y,N/A(no owned),N,N,Y(stop),stop_t=1388-1389s no_front_vehicle_in_token
route10,HardBreakRoute_7,A,HardBreakRoute,Y,N/A(no owned),N,N,Y(stop),stop_t=1388-1389s no_front_vehicle_in_token
route14,PedestrianCrossing_1,D,PedestrianCrossing,Y,Y,Y,Y,Y(stop),obs_t=319-332s min_dist=4.0m close_frames=120 ego_min=0.0026592566827358505 lateral_cross=[]
route14,VehicleTurningRoute_1,C,VehicleTurningRoute,Y,Y,Y,Y,Y(stop),obs_t=250-312s min_dist=2.3m close_frames=55 ego_min=-0.005107001744645798 lateral_cross=[]
route14,VehicleTurningRoute_2,C,VehicleTurningRoute,Y,Y,Y,Y,Y(stop),obs_t=595-628s min_dist=2.9m close_frames=114 ego_min=0.001994075182382775 lateral_cross=[]
route14,PedestrianCrossing_2,D,PedestrianCrossing,Y,Y,Y,Y,Y(stop),"obs_t=573-585s min_dist=5.8m close_frames=101 ego_min=0.013160784575402967 lateral_cross=[(4421, 6.0, -8.2, 0.1)]"
route14,PedestrianCrossing_3,D,PedestrianCrossing,Y,Y,Y,Y,Y(slow),"obs_t=705-712s min_dist=4.8m close_frames=64 ego_min=1.9520398538367116 lateral_cross=[(4561, 4.6, -4.8, 0.1), (4565, 3.6, -5.4, 0.1)]"
route14,VehicleTurningRoute_3,C,VehicleTurningRoute,Y,Y,Y,Y,Y(stop),obs_t=856-946s min_dist=2.1m close_frames=227 ego_min=-0.003352801775649757 lateral_cross=[]
route14,PedestrianCrossing_4,D,PedestrianCrossing,Y,Y,Y,Y,Y(stop),"obs_t=1016-1026s min_dist=8.2m close_frames=86 ego_min=0.0016920498525979408 lateral_cross=[(4871, 4.5, -4.4, 0.0), (4876, 3.5, -5.1, 0.0), (4874, 5.4, -7.2, 0.1)]"
route14,VehicleTurningRoute_4,C,VehicleTurningRoute,Y,Y,Y,Y,Y(stop),"obs_t=1446-1484s min_dist=2.1m close_frames=102 ego_min=0.0018544626543591115 lateral_cross=[(5592, 14.2, -2.7, 0.1)]"
route14,VehicleTurningRoute_5,C,VehicleTurningRoute,Y,Y,Y,Y,Y(stop),obs_t=1499-1781s min_dist=2.7m close_frames=207 ego_min=-0.004456911446147526 lateral_cross=[]
route14,HardBreakRoute_1,A,HardBreakRoute,Y,N/A(no owned),Y,Y,Y(stop),stop_t=9-13s lead_id=3745 lead_speed_before=None during=0.0 ego_stopped
route14,HardBreakRoute_2,A,HardBreakRoute,Y,N/A(no owned),Y,Y,Y(stop),stop_t=103-108s lead_id=3858 lead_speed_before=39.32372283935547 during=9.300129890441895 ego_stopped
route14,HardBreakRoute_3,A,HardBreakRoute,Y,N/A(no owned),N,N,Y(stop),stop_t=762-770s no_front_vehicle_in_token
route14,HardBreakRoute_4,A,HardBreakRoute,Y,N/A(no owned),N,N,Y(stop),stop_t=762-770s no_front_vehicle_in_token
route14,HardBreakRoute_5,A,HardBreakRoute,Y,N/A(no owned),N,N,Y(stop),stop_t=1161-1162s no_front_vehicle_in_token
route14,HardBreakRoute_6,A,HardBreakRoute,Y,N/A(no owned),Y,Y,Y(stop),stop_t=1313-1320s lead_id=5432 lead_speed_before=36.94011688232422 during=36.94011688232422 ego_stopped
route14,HardBreakRoute_7,A,HardBreakRoute,Y,N(owned),N,?,Y(slow),no_full_stop ego_min=1.3
route3,ParkingCutIn_1,B,ParkingCutIn,Y,Y,Y,Y,Y(stop),"obs_t=38-58s min_dist=3.1m close_frames=70 ego_min=-0.012908075552971018 lateral_cross=[(3722, 3.1, 5.1, 0.1)]"
route3,PedestrianCrossing_1,D,PedestrianCrossing,Y,Y,Y,Y,Y(stop),"obs_t=272-281s min_dist=4.9m close_frames=89 ego_min=-0.010017337469086895 lateral_cross=[(4023, 3.5, -4.6, 0.1), (4021, 5.4, -5.8, 0.1), (4019, 4.4, -5.8, 0.1)]"
route3,ParkingCutIn_4,B,ParkingCutIn,Y,Y,Y,Y,Y(stop),obs_t=272-540s min_dist=3.0m close_frames=126 ego_min=-0.022054903961658077 lateral_cross=[]
route3,VehicleTurningRoute_1,C,VehicleTurningRoute,Y,Y,Y,Y,Y(stop),"obs_t=314-348s min_dist=6.8m close_frames=12 ego_min=-2.084296237968579e-05 lateral_cross=[(4108, 19.1, -1.9, 0.1)]"
route3,ParkingCutIn_2,B,ParkingCutIn,Y,Y,Y,Y,Y(stop),obs_t=358-404s min_dist=3.1m close_frames=290 ego_min=-0.009596903623287967 lateral_cross=[]
route3,ParkingCutIn_3,B,ParkingCutIn,Y,Y,Y,Y,Y(stop),obs_t=375-786s min_dist=1.9m close_frames=135 ego_min=-0.022054903961658077 lateral_cross=[]
route3,ParkingCutIn_10,B,ParkingCutIn,Y,Y,N,N,N,no token obs (actor never entered range)
route3,ParkingCutIn_9,B,ParkingCutIn,Y,Y,N,N,N,no token obs (actor never entered range)
route3,ParkingCutIn_8,B,ParkingCutIn,Y,Y,N,N,N,no token obs (actor never entered range)
route3,ParkingCutIn_5,B,ParkingCutIn,Y,Y,N,N,N,no token obs (actor never entered range)
route3,VehicleTurningRoute_2,C,VehicleTurningRoute,Y,Y,N,N,N,no token obs (actor never entered range)
route3,ParkingCutIn_11,B,ParkingCutIn,Y,Y,N,N,N,no token obs (actor never entered range)
route3,ParkingCutIn_12,B,ParkingCutIn,Y,Y,N,N,N,no token obs (actor never entered range)
route3,PedestrianCrossing_2,D,PedestrianCrossing,Y,Y,N,N,N,no token obs (actor never entered range)
route3,ParkingCutIn_6,B,ParkingCutIn,Y,Y,N,N,N,no token obs (actor never entered range)
route3,ParkingCutIn_7,B,ParkingCutIn,Y,Y,N,N,N,no token obs (actor never entered range)
route3,HardBreakRoute_10,A,HardBreakRoute,Y,N/A(no owned),Y,Y,Y(stop),stop_t=9-14s lead_id=3865 lead_speed_before=None during=0.0 ego_stopped
route3,HardBreakRoute_1,A,HardBreakRoute,Y,N/A(no owned),Y,Y,Y(stop),stop_t=71-72s lead_id=4012 lead_speed_before=36.61207962036133 during=2.129442509613e-05 ego_stopped
route3,HardBreakRoute_2,A,HardBreakRoute,Y,N/A(no owned),N,N,Y(stop),stop_t=134-135s no_front_vehicle_in_token
route3,HardBreakRoute_3,A,HardBreakRoute,Y,N/A(no owned),N,N,Y(stop),stop_t=134-135s no_front_vehicle_in_token
route3,HardBreakRoute_4,A,HardBreakRoute,Y,N/A(no owned),Y,Y,Y(stop),stop_t=208-232s lead_id=4156 lead_speed_before=27.30789566040039 during=7.306560516357422 ego_stopped
route3,HardBreakRoute_8,A,HardBreakRoute,Y,N/A(no owned),Y,Y,Y(stop),stop_t=208-232s lead_id=4156 lead_speed_before=17.817750930786133 during=7.306560516357422 ego_stopped
route3,HardBreakRoute_7,A,HardBreakRoute,Y,N/A(no owned),Y,Y,Y(stop),stop_t=257-267s lead_id=4237 lead_speed_before=29.005535125732422 during=28.993267059326172 ego_stopped
route3,HardBreakRoute_6,A,HardBreakRoute,Y,N/A(no owned),N,N,Y(stop),stop_t=276-277s no_front_vehicle_in_token
route3,HardBreakRoute_5,A,HardBreakRoute,Y,N/A(no owned),Y,Y,Y(stop),stop_t=381-381s lead_id=4120 lead_speed_before=20.074058532714844 during=3.3470938205718994 ego_stopped
