0.00000,0.07064,0.03669,0.03868,0.02554,0.05097,0.07374,0.04031,0.02815,0.03834,0.04298,0.05764,0.31679,0.34373,0.28343,0.35583,0.34272,0.31596,0.33570,0.28578,0.32708,0.34301,0.29056,0.32657,0.35259,0.12621,0.37195,0.22924,0.31236,0.39784,0.35528,0.31600,0.22398,0.37143,0.30533,0.29153,0.36598,0.36135,0.33524,0.35464,0.37603,0.35186,0.36505,0.32556,0.35858,0.36169,0.37236,0.34976,0.05400,0.10124,0.03834,0.06750,0.06780,0.08973,0.12047,0.05709,0.06857,0.05797,0.06437,0.07384,0.06674,0.11676,0.11807,0.10108,0.09080,0.11991,0.14226,0.09930,0.11656,0.10125,0.11622,0.11068,0.38389,0.39207,0.38829,0.40575,0.40796,0.39013,0.40340,0.38824,0.40928,0.40593,0.39148,0.39683,0.39706,0.38377,0.42345,0.41142,0.41355,0.38658,0.41129,0.38179,0.39385,0.38380,0.37220,0.38189,0.43210,0.44006,0.43111,0.37360,0.42734,0.40721,0.41931,0.39799,0.39741,0.39765,0.36124,0.36239
0.07064,0.00000,0.10573,0.05616,0.04676,0.04167,0.02997,0.08027,0.05612,0.04488,0.05515,0.05786,0.31357,0.30774,0.30387,0.31984,0.31044,0.31272,0.31348,0.30622,0.31583,0.31033,0.30882,0.31625,0.31492,0.13232,0.32050,0.18204,0.28232,0.36184,0.31928,0.27836,0.16628,0.33544,0.26934,0.25443,0.32999,0.32535,0.31317,0.31864,0.34003,0.31586,0.32905,0.29462,0.32258,0.32569,0.33636,0.31376,0.07148,0.03554,0.04488,0.06544,0.08529,0.02404,0.05980,0.05338,0.06478,0.07131,0.08186,0.03178,0.08422,0.09522,0.05238,0.10430,0.10829,0.05421,0.07783,0.09769,0.11874,0.10448,0.09468,0.08499,0.34789,0.35608,0.35229,0.36976,0.37196,0.35413,0.36740,0.35225,0.37329,0.36993,0.35548,0.36083,0.36106,0.34777,0.38745,0.37542,0.37756,0.35059,0.37529,0.34579,0.35786,0.34781,0.33621,0.34589,0.39610,0.40407,0.39512,0.34279,0.39134,0.37122,0.38331,0.36199,0.36142,0.36405,0.32751,0.32639
0.03669,0.10573,0.00000,0.07514,0.06200,0.07490,0.09044,0.02547,0.06045,0.07358,0.06141,0.06330,0.32780,0.35474,0.24819,0.36684,0.35374,0.31567,0.34671,0.27167,0.33514,0.35402,0.28480,0.32968,0.36337,0.12283,0.38170,0.24007,0.32337,0.40885,0.36629,0.32444,0.23375,0.38244,0.31634,0.30228,0.37699,0.37236,0.34588,0.36565,0.38704,0.36287,0.37606,0.33657,0.36959,0.37270,0.38337,0.36077,0.09046,0.13648,0.07358,0.09157,0.10426,0.12497,0.14807,0.08483,0.09446,0.09044,0.10083,0.10908,0.10320,0.14754,0.15331,0.13632,0.12726,0.15515,0.17591,0.13141,0.15131,0.13649,0.14699,0.14593,0.39490,0.40308,0.39930,0.41676,0.41897,0.40114,0.41441,0.39925,0.42029,0.41694,0.40249,0.40784,0.40807,0.39478,0.43446,0.42243,0.42456,0.39759,0.42230,0.39280,0.40486,0.39481,0.38321,0.39290,0.44311,0.45107,0.44212,0.38434,0.43835,0.41822,0.43032,0.40900,0.40842,0.40780,0.37225,0.37340
0.03868,0.05616,0.07514,0.00000,0.01314,0.06926,0.08396,0.05861,0.03842,0.02529,0.05914,0.08632,0.35547,0.34962,0.32211,0.33753,0.35063,0.35463,0.35538,0.32446,0.35773,0.35034,0.32706,0.35815,0.32701,0.15010,0.35731,0.20546,0.29406,0.37954,0.33698,0.31612,0.21509,0.35313,0.28703,0.27324,0.34768,0.34305,0.35508,0.34251,0.35773,0.33780,0.34675,0.33552,0.34294,0.34339,0.35406,0.34360,0.01532,0.06256,0.02529,0.04754,0.02913,0.05121,0.09096,0.04603,0.04340,0.01929,0.02569,0.03760,0.02806,0.08438,0.07939,0.06240,0.05212,0.08123,0.10639,0.06691,0.08292,0.06257,0.08383,0.07200,0.36559,0.37377,0.36999,0.38745,0.38966,0.37183,0.38510,0.36994,0.39099,0.38763,0.37318,0.37853,0.37876,0.36547,0.40515,0.39312,0.39525,0.36828,0.39299,0.36353,0.37555,0.36716,0.35791,0.36359,0.41380,0.42176,0.41281,0.37018,0.40904,0.38891,0.40240,0.37969,0.37911,0.38416,0.35891,0.34576
0.02554,0.04676,0.06200,0.01314,0.00000,0.05612,0.07083,0.04547,0.02528,0.01762,0.04601,0.07318,0.34233,0.34024,0.30897,0.35067,0.33756,0.34149,0.34225,0.31132,0.34459,0.34267,0.31393,0.34501,0.33980,0.13906,0.36672,0.21287,0.30720,0.39267,0.35011,0.32035,0.21084,0.36627,0.30017,0.28637,0.36082,0.35618,0.34297,0.34947,0.37087,0.34670,0.35988,0.32659,0.35342,0.35653,0.36720,0.34459,0.02846,0.07570,0.01762,0.05471,0.04226,0.06419,0.10410,0.04395,0.05388,0.03243,0.03883,0.04830,0.04120,0.09751,0.09253,0.07554,0.06526,0.09437,0.11953,0.08005,0.09606,0.07571,0.09697,0.08514,0.37872,0.38691,0.38312,0.40059,0.40279,0.38497,0.39823,0.38308,0.40412,0.40076,0.38632,0.39167,0.39190,0.37860,0.41828,0.40626,0.40839,0.38142,0.40612,0.37662,0.38869,0.37864,0.36707,0.37673,0.42693,0.43490,0.42595,0.37380,0.42218,0.40205,0.41419,0.39283,0.39225,0.39465,0.35948,0.35722
0.05097,0.04167,0.07490,0.06926,0.05612,0.00000,0.05772,0.04944,0.03084,0.04397,0.01681,0.06508,0.32248,0.34940,0.27780,0.36151,0.34840,0.31033,0.34137,0.28015,0.32981,0.34868,0.28613,0.32555,0.35063,0.11671,0.36041,0.22371,0.31803,0.40351,0.36095,0.31018,0.20795,0.37711,0.31100,0.29610,0.37165,0.36702,0.34054,0.36031,0.38170,0.35753,0.37072,0.33123,0.36425,0.36736,0.37803,0.35543,0.08458,0.06158,0.04397,0.09866,0.09838,0.05008,0.09883,0.08635,0.09574,0.08855,0.09495,0.03419,0.09732,0.11140,0.07842,0.10671,0.12138,0.08026,0.10859,0.11562,0.12822,0.10688,0.11085,0.09463,0.38956,0.39775,0.39396,0.41143,0.41363,0.39580,0.40907,0.39391,0.41496,0.41160,0.39715,0.40250,0.40273,0.38944,0.42912,0.41709,0.41923,0.39226,0.41696,0.38746,0.39953,0.38948,0.37787,0.38756,0.43777,0.44574,0.43679,0.37900,0.43301,0.41288,0.42498,0.40366,0.40309,0.40246,0.36691,0.36806
0.07374,0.02997,0.09044,0.08396,0.07083,0.05772,0.00000,0.07651,0.07217,0.07149,0.07120,0.03322,0.28368,0.29169,0.27398,0.30379,0.29068,0.28284,0.28365,0.27633,0.28594,0.29100,0.27894,0.28636,0.29887,0.10661,0.30565,0.16845,0.26627,0.34579,0.30323,0.25762,0.15023,0.31939,0.25329,0.23961,0.31394,0.30930,0.28564,0.30259,0.32398,0.29981,0.31300,0.27355,0.30654,0.30965,0.32032,0.29771,0.09928,0.06543,0.07149,0.06080,0.11309,0.05392,0.06606,0.05402,0.06599,0.09374,0.10965,0.06167,0.11202,0.11019,0.08226,0.13419,0.13609,0.08410,0.10178,0.11461,0.14099,0.13436,0.10964,0.11487,0.33184,0.34003,0.33624,0.35371,0.35591,0.33808,0.35135,0.33620,0.35724,0.35388,0.33944,0.34478,0.34501,0.33172,0.37140,0.35937,0.36151,0.33454,0.35924,0.32974,0.34181,0.33176,0.32016,0.32984,0.38005,0.38802,0.37907,0.32261,0.37529,0.35517,0.36726,0.34594,0.34537,0.34675,0.30923,0.31034
0.04031,0.08027,0.02547,0.05861,0.04547,0.04944,0.07651,0.00000,0.03499,0.04812,0.03595,0.05586,0.33214,0.35907,0.27365,0.37118,0.35807,0.32000,0.35104,0.27600,0.33948,0.35835,0.28913,0.33401,0.36030,0.11944,0.37428,0.23338,0.32770,0.41318,0.37062,0.31985,0.21985,0.38678,0.32068,0.30585,0.38133,0.37669,0.35021,0.36998,0.39137,0.36720,0.38039,0.34090,0.37392,0.37703,0.38770,0.36510,0.07393,0.11102,0.04812,0.07956,0.08773,0.09951,0.13243,0.07091,0.08054,0.07391,0.08430,0.08362,0.08667,0.12889,0.12785,0.11086,0.11073,0.12969,0.15353,0.11276,0.13132,0.11103,0.12834,0.12047,0.39923,0.40742,0.40363,0.42110,0.42330,0.40547,0.41874,0.40359,0.42463,0.42127,0.40682,0.41217,0.41240,0.39911,0.43879,0.42676,0.42890,0.40193,0.42663,0.39713,0.40920,0.39915,0.38755,0.39723,0.44744,0.45541,0.44646,0.38867,0.44268,0.42256,0.43465,0.41333,0.41276,0.41213,0.37658,0.37773
0.02815,0.05612,0.06045,0.03842,0.02528,0.03084,0.07217,0.03499,0.00000,0.01313,0.02072,0.06100,0.34495,0.36385,0.30863,0.37595,0.36285,0.34115,0.35582,0.31098,0.34426,0.36313,0.31359,0.34503,0.36508,0.13957,0.37486,0.23816,0.33248,0.41796,0.37540,0.32468,0.22240,0.39156,0.32545,0.31055,0.38610,0.38147,0.35499,0.37476,0.39615,0.37198,0.38517,0.34568,0.37870,0.38181,0.39248,0.36988,0.05374,0.07603,0.01313,0.06782,0.06755,0.06453,0.11328,0.05552,0.06490,0.05771,0.06411,0.04864,0.06648,0.10225,0.09287,0.07587,0.09055,0.09470,0.12304,0.08479,0.09738,0.07605,0.10171,0.08548,0.40401,0.41220,0.40841,0.42587,0.42808,0.41025,0.42352,0.40836,0.42941,0.42605,0.41160,0.41695,0.41718,0.40389,0.44357,0.43154,0.43368,0.40670,0.43141,0.40191,0.41398,0.40392,0.39232,0.40201,0.45222,0.46019,0.45124,0.39345,0.44746,0.42733,0.43943,0.41811,0.41754,0.41800,0.38136,0.38251
0.03834,0.04488,0.07358,0.02529,0.01762,0.04397,0.07149,0.04812,0.01313,0.00000,0.03385,0.07380,0.35513,0.35260,0.32177,0.36282,0.35516,0.35428,0.35510,0.32412,0.35739,0.35000,0.32672,0.35781,0.35195,0.14993,0.36197,0.22502,0.31935,0.40483,0.36227,0.31883,0.20999,0.37842,0.31232,0.29742,0.37297,0.36834,0.35473,0.36162,0.38302,0.35885,0.37204,0.33518,0.36557,0.36868,0.37935,0.35675,0.04061,0.06290,0.00000,0.05469,0.05441,0.05140,0.10015,0.04238,0.05177,0.04458,0.05098,0.03550,0.05335,0.08912,0.07973,0.06274,0.07741,0.08157,0.10991,0.07166,0.08425,0.06292,0.08857,0.07235,0.39088,0.39906,0.39527,0.41274,0.41495,0.39712,0.41039,0.39523,0.41627,0.41292,0.39847,0.40382,0.40405,0.39075,0.43044,0.41841,0.42054,0.39357,0.41828,0.38878,0.40084,0.39079,0.37919,0.38888,0.43909,0.44705,0.43810,0.38458,0.43433,0.41420,0.42630,0.40498,0.40440,0.40680,0.36823,0.36938
0.04298,0.05515,0.06141,0.05914,0.04601,0.01681,0.07120,0.03595,0.02072,0.03385,0.00000,0.05375,0.33808,0.36289,0.28791,0.37499,0.36188,0.32712,0.35486,0.29026,0.34329,0.36216,0.29294,0.33782,0.36412,0.12776,0.37389,0.23719,0.33152,0.41699,0.37443,0.32366,0.22143,0.39059,0.32449,0.30958,0.38514,0.38050,0.35403,0.37379,0.39518,0.37102,0.38420,0.34471,0.37774,0.38085,0.39152,0.36891,0.07446,0.07507,0.03385,0.08854,0.08827,0.06356,0.11232,0.07624,0.08562,0.07843,0.08484,0.04767,0.08720,0.10128,0.09190,0.09660,0.11127,0.09374,0.12207,0.10551,0.11810,0.09677,0.10074,0.08451,0.40304,0.41123,0.40744,0.42491,0.42711,0.40929,0.42255,0.40740,0.42844,0.42508,0.41064,0.41599,0.41621,0.40292,0.44260,0.43057,0.43271,0.40574,0.43044,0.40094,0.41301,0.40296,0.39136,0.40104,0.45125,0.45922,0.45027,0.39248,0.44649,0.42637,0.43846,0.41714,0.41657,0.41595,0.38039,0.38154
0.05764,0.05786,0.06330,0.08632,0.07318,0.06508,0.03322,0.05586,0.06100,0.07380,0.05375,0.00000,0.28925,0.30914,0.27426,0.32124,0.30813,0.28170,0.30111,0.27658,0.28986,0.30841,0.27919,0.28407,0.32527,0.11499,0.32269,0.19421,0.28671,0.36324,0.32068,0.27365,0.17617,0.33684,0.27074,0.25626,0.33139,0.32675,0.30027,0.32004,0.34143,0.31726,0.33045,0.29096,0.32398,0.32709,0.33776,0.31516,0.10164,0.09210,0.07380,0.06518,0.11544,0.08059,0.09528,0.06004,0.07194,0.09753,0.11201,0.08762,0.11438,0.11379,0.10893,0.13654,0.13844,0.11077,0.12893,0.11804,0.14367,0.13672,0.11325,0.11728,0.34929,0.35748,0.35369,0.37116,0.37336,0.35553,0.36880,0.35365,0.37469,0.37133,0.35688,0.36223,0.36246,0.34917,0.38885,0.37682,0.37896,0.35199,0.37669,0.34719,0.35926,0.34921,0.33761,0.34729,0.39750,0.40547,0.39652,0.33873,0.39274,0.37262,0.38471,0.36339,0.36282,0.36264,0.32664,0.32779
0.31679,0.31357,0.32780,0.35547,0.34233,0.32248,0.28368,0.33214,0.34495,0.35513,0.33808,0.28925,0.00000,0.02694,0.07962,0.03904,0.02593,0.01215,0.01891,0.05614,0.01029,0.02622,0.04518,0.01243,0.11027,0.22062,0.17434,0.16073,0.09789,0.09603,0.10780,0.17403,0.15996,0.13144,0.11441,0.27291,0.04919,0.04455,0.01844,0.03784,0.05924,0.03507,0.04825,0.01995,0.04179,0.04490,0.05557,0.03297,0.37079,0.34911,0.35513,0.32410,0.38460,0.33761,0.31861,0.32181,0.33450,0.35897,0.38116,0.34535,0.38353,0.36404,0.36594,0.41787,0.40760,0.36778,0.36595,0.37394,0.40343,0.41804,0.36350,0.39042,0.06710,0.07528,0.07149,0.08896,0.09116,0.07334,0.08660,0.07145,0.09249,0.08913,0.07469,0.08004,0.08027,0.06697,0.10665,0.09463,0.09676,0.06979,0.09449,0.06499,0.07706,0.06701,0.05541,0.06510,0.11530,0.12327,0.11432,0.05681,0.11055,0.09042,0.10251,0.08120,0.08062,0.09030,0.04445,0.04559
0.34373,0.30774,0.35474,0.34962,0.34024,0.34940,0.29169,0.35907,0.36385,0.35260,0.36289,0.30914,0.02694,0.00000,0.10655,0.01210,0.00272,0.03907,0.00803,0.08308,0.01960,0.00260,0.06995,0.02507,0.09315,0.24176,0.15108,0.15488,0.09205,0.07740,0.09739,0.15749,0.15413,0.11081,0.10830,0.24597,0.02225,0.01761,0.00886,0.01090,0.03230,0.01316,0.02132,0.01917,0.01485,0.01796,0.02863,0.00603,0.36494,0.34326,0.35260,0.31825,0.37875,0.33176,0.31276,0.31620,0.32865,0.35312,0.37531,0.33950,0.37768,0.35819,0.36009,0.41202,0.40175,0.36193,0.36010,0.36809,0.39758,0.41219,0.35765,0.38457,0.04016,0.04834,0.04455,0.06202,0.06422,0.04640,0.05966,0.04451,0.06555,0.06219,0.04775,0.05310,0.05333,0.04003,0.07972,0.06769,0.06982,0.04285,0.06756,0.03805,0.05012,0.04007,0.02847,0.03816,0.08836,0.09633,0.08738,0.03846,0.08361,0.06348,0.07558,0.05426,0.05368,0.08679,0.01978,0.01866
0.28343,0.30387,0.24819,0.32211,0.30897,0.27780,0.27398,0.27365,0.30863,0.32177,0.28791,0.27426,0.07962,0.10655,0.00000,0.11866,0.10555,0.06748,0.09852,0.02348,0.08696,0.10583,0.03661,0.08149,0.15093,0.17367,0.24271,0.16902,0.12872,0.17387,0.16053,0.22606,0.16326,0.19520,0.14105,0.35105,0.12881,0.12417,0.09769,0.11746,0.13885,0.11468,0.12787,0.08838,0.12140,0.12451,0.13518,0.11258,0.33743,0.33938,0.32177,0.31081,0.35123,0.32788,0.31837,0.30813,0.31793,0.32561,0.34780,0.31199,0.35017,0.34659,0.35621,0.38451,0.37423,0.35805,0.36292,0.35759,0.38491,0.38468,0.34604,0.37242,0.14671,0.15490,0.15111,0.16858,0.17078,0.15295,0.16622,0.15107,0.17211,0.16875,0.15430,0.15965,0.15988,0.14659,0.18627,0.17424,0.17638,0.14941,0.17411,0.14461,0.15668,0.14663,0.13503,0.14471,0.19492,0.20289,0.19394,0.13615,0.19016,0.17003,0.18213,0.16081,0.16024,0.15961,0.12406,0.12521
0.35583,0.31984,0.36684,0.33753,0.35067,0.36151,0.30379,0.37118,0.37595,0.36282,0.37499,0.32124,0.03904,0.01210,0.11866,0.00000,0.01311,0.05118,0.02013,0.09518,0.03170,0.01282,0.08205,0.03717,0.08140,0.25249,0.14384,0.14850,0.07994,0.06530,0.08528,0.15566,0.16097,0.09871,0.09620,0.23387,0.01015,0.00552,0.02096,0.00498,0.02020,0.00530,0.00921,0.03027,0.00540,0.00586,0.01653,0.00608,0.35284,0.33116,0.36282,0.31212,0.36664,0.31981,0.30066,0.32063,0.31920,0.34102,0.36321,0.32983,0.36558,0.34609,0.34799,0.39992,0.38964,0.34983,0.34800,0.35599,0.38548,0.40009,0.34555,0.37247,0.02805,0.03624,0.03245,0.04992,0.05212,0.03430,0.04756,0.03241,0.05345,0.05009,0.03565,0.04100,0.04123,0.02793,0.06761,0.05559,0.05772,0.03075,0.05545,0.02599,0.03802,0.02963,0.02037,0.02606,0.07626,0.08423,0.07528,0.03605,0.07151,0.05138,0.06487,0.04216,0.04158,0.07711,0.02138,0.00822
0.34272,0.31044,0.35374,0.35063,0.33756,0.34840,0.29068,0.35807,0.36285,0.35516,0.36188,0.30813,0.02593,0.00272,0.10555,0.01311,0.00000,0.03807,0.00703,0.08207,0.01859,0.00516,0.06894,0.02406,0.09416,0.24146,0.15324,0.15589,0.09305,0.07841,0.09839,0.15989,0.15670,0.11182,0.10930,0.24698,0.02326,0.01862,0.00888,0.01191,0.03331,0.01417,0.02232,0.02136,0.01586,0.01897,0.02964,0.00703,0.36595,0.34427,0.35516,0.31925,0.37975,0.33276,0.31377,0.31854,0.32966,0.35413,0.37632,0.34051,0.37869,0.35920,0.36110,0.41303,0.40275,0.36294,0.36111,0.36909,0.39859,0.41320,0.35866,0.38558,0.04116,0.04935,0.04556,0.06303,0.06523,0.04741,0.06067,0.04552,0.06656,0.06320,0.04876,0.05411,0.05433,0.04104,0.08072,0.06869,0.07083,0.04386,0.06856,0.03906,0.05113,0.04108,0.02951,0.03916,0.08937,0.09734,0.08839,0.03964,0.08462,0.06449,0.07663,0.05526,0.05469,0.08757,0.02192,0.01966
0.31596,0.31272,0.31567,0.35463,0.34149,0.31033,0.28284,0.32000,0.34115,0.35428,0.32712,0.28170,0.01215,0.03907,0.06748,0.05118,0.03807,0.00000,0.03104,0.04400,0.01948,0.03835,0.03493,0.01522,0.11200,0.21314,0.18515,0.15989,0.09771,0.10713,0.11133,0.18230,0.15912,0.13888,0.11466,0.28504,0.06133,0.05669,0.03021,0.04998,0.07137,0.04720,0.06039,0.02300,0.05392,0.05703,0.06770,0.04510,0.36994,0.34827,0.35428,0.32325,0.38375,0.33676,0.31777,0.32096,0.33365,0.35812,0.38032,0.34450,0.38269,0.36320,0.36510,0.41703,0.40675,0.36694,0.36511,0.37309,0.40258,0.41720,0.36265,0.38958,0.07923,0.08742,0.08363,0.10110,0.10330,0.08547,0.09874,0.08358,0.10463,0.10127,0.08682,0.09217,0.09240,0.07911,0.11879,0.10676,0.10890,0.08192,0.10663,0.07713,0.08920,0.07915,0.06754,0.07723,0.12744,0.13541,0.12646,0.06867,0.12268,0.10255,0.11465,0.09333,0.09276,0.09532,0.05658,0.05773
0.33570,0.31348,0.34671,0.35538,0.34225,0.34137,0.28365,0.35104,0.35582,0.35510,0.35486,0.30111,0.01891,0.00803,0.09852,0.02013,0.00703,0.03104,0.00000,0.07505,0.01157,0.00737,0.06191,0.01704,0.10017,0.23509,0.15711,0.16065,0.09781,0.08437,0.10346,0.16058,0.15987,0.11804,0.11406,0.25400,0.03028,0.02565,0.00318,0.01893,0.04033,0.01893,0.02935,0.01992,0.02288,0.02599,0.03666,0.01406,0.37070,0.34903,0.35510,0.32401,0.38451,0.33752,0.31853,0.32172,0.33441,0.35888,0.38108,0.34526,0.38345,0.36396,0.36586,0.41778,0.40751,0.36770,0.36587,0.37385,0.40334,0.41796,0.36341,0.39034,0.04819,0.05637,0.05258,0.07005,0.07226,0.05443,0.06770,0.05254,0.07358,0.07023,0.05578,0.06113,0.06136,0.04806,0.08775,0.07572,0.07785,0.05088,0.07559,0.04609,0.05815,0.04810,0.03650,0.04619,0.09640,0.10436,0.09541,0.04009,0.09164,0.07151,0.08361,0.06229,0.06171,0.09131,0.02559,0.02669
0.28578,0.30622,0.27167,0.32446,0.31132,0.28015,0.27633,0.27600,0.31098,0.32412,0.29026,0.27658,0.05614,0.08308,0.02348,0.09518,0.08207,0.04400,0.07505,0.00000,0.06348,0.08236,0.01313,0.05801,0.13063,0.17602,0.22598,0.17013,0.11491,0.15040,0.13765,0.21705,0.16561,0.17487,0.12915,0.32879,0.10533,0.10069,0.07422,0.09398,0.11538,0.09121,0.10439,0.06490,0.09793,0.10104,0.11171,0.08910,0.33978,0.34173,0.32412,0.31282,0.35358,0.33023,0.32035,0.31048,0.32028,0.32796,0.35015,0.31434,0.35252,0.34839,0.35857,0.38686,0.37658,0.36040,0.36527,0.35985,0.38622,0.38703,0.34785,0.37477,0.12323,0.13142,0.12763,0.14510,0.14730,0.12948,0.14274,0.12759,0.14863,0.14527,0.13083,0.13618,0.13640,0.12311,0.16279,0.15076,0.15290,0.12593,0.15063,0.12113,0.13320,0.12315,0.11155,0.12123,0.17144,0.17941,0.17046,0.11267,0.16669,0.14656,0.15865,0.13733,0.13676,0.13614,0.10058,0.10173
0.32708,0.31583,0.33514,0.35773,0.34459,0.32981,0.28594,0.33948,0.34426,0.35739,0.34329,0.28986,0.01029,0.01960,0.08696,0.03170,0.01859,0.01948,0.01157,0.06348,0.00000,0.01888,0.05035,0.00582,0.10689,0.22464,0.16757,0.16299,0.10015,0.09164,0.10788,0.16573,0.16222,0.12642,0.11662,0.26557,0.04185,0.03721,0.01074,0.03050,0.05190,0.02773,0.04091,0.02221,0.03445,0.03756,0.04823,0.02562,0.37305,0.35137,0.35739,0.32636,0.38686,0.33987,0.32087,0.32407,0.33676,0.36123,0.38342,0.34761,0.38579,0.36630,0.36820,0.42013,0.40985,0.37004,0.36821,0.37620,0.40569,0.42030,0.36576,0.39268,0.05975,0.06794,0.06415,0.08162,0.08382,0.06600,0.07926,0.06411,0.08515,0.08179,0.06735,0.07270,0.07293,0.05963,0.09931,0.08729,0.08942,0.06245,0.08715,0.05765,0.06972,0.05967,0.04807,0.05776,0.10796,0.11593,0.10698,0.04920,0.10321,0.08308,0.09517,0.07386,0.07328,0.09273,0.03711,0.03825
0.34301,0.31033,0.35402,0.35034,0.34267,0.34868,0.29100,0.35835,0.36313,0.35000,0.36216,0.30841,0.02622,0.00260,0.10583,0.01282,0.00516,0.03835,0.00737,0.08236,0.01888,0.00000,0.06922,0.02434,0.09387,0.24075,0.15029,0.15560,0.09277,0.07812,0.09811,0.15570,0.15555,0.11153,0.10902,0.24669,0.02297,0.01834,0.00814,0.01162,0.03302,0.01389,0.02204,0.01745,0.01557,0.01868,0.02935,0.00675,0.36566,0.34398,0.35000,0.31897,0.37947,0.33248,0.31349,0.31668,0.32937,0.35384,0.37604,0.34022,0.37840,0.35891,0.36082,0.41274,0.40247,0.36265,0.36083,0.36881,0.39830,0.41292,0.35837,0.38529,0.04088,0.04906,0.04527,0.06274,0.06495,0.04712,0.06039,0.04523,0.06627,0.06292,0.04847,0.05382,0.05405,0.04075,0.08044,0.06841,0.07054,0.04357,0.06828,0.03878,0.05084,0.04079,0.02919,0.03888,0.08909,0.09705,0.08810,0.03798,0.08433,0.06420,0.07630,0.05498,0.05440,0.08728,0.01823,0.01938
0.29056,0.30882,0.28480,0.32706,0.31393,0.28613,0.27894,0.28913,0.31359,0.32672,0.29294,0.27919,0.04518,0.06995,0.03661,0.08205,0.06894,0.03493,0.06191,0.01313,0.05035,0.06922,0.00000,0.04488,0.12986,0.18314,0.21524,0.17274,0.11245,0.13726,0.13141,0.20886,0.16821,0.16720,0.12847,0.31591,0.09220,0.08756,0.06108,0.08085,0.10224,0.07807,0.09126,0.05177,0.08479,0.08790,0.09857,0.07597,0.34238,0.34434,0.32672,0.31542,0.35619,0.33283,0.32296,0.31309,0.32289,0.33056,0.35276,0.31694,0.35513,0.35100,0.36117,0.38946,0.37919,0.36301,0.36788,0.36246,0.38882,0.38964,0.35045,0.37738,0.11010,0.11829,0.11450,0.13197,0.13417,0.11634,0.12961,0.11446,0.13550,0.13214,0.11769,0.12304,0.12327,0.10998,0.14966,0.13763,0.13977,0.11280,0.13750,0.10800,0.12007,0.11002,0.09842,0.10810,0.15831,0.16628,0.15733,0.09954,0.15355,0.13342,0.14552,0.12420,0.12363,0.12300,0.08745,0.08860
0.32657,0.31625,0.32968,0.35815,0.34501,0.32555,0.28636,0.33401,0.34503,0.35781,0.33782,0.28407,0.01243,0.02507,0.08149,0.03717,0.02406,0.01522,0.01704,0.05801,0.00582,0.02434,0.04488,0.00000,0.10799,0.22119,0.17244,0.16341,0.10081,0.09673,0.10991,0.17010,0.16264,0.12986,0.11751,0.27104,0.04732,0.04268,0.01621,0.03597,0.05736,0.03320,0.04638,0.02262,0.03992,0.04303,0.05370,0.03109,0.37347,0.35179,0.35781,0.32678,0.38727,0.34028,0.32129,0.32449,0.33718,0.36165,0.38384,0.34803,0.38621,0.36672,0.36862,0.42055,0.41027,0.37046,0.36863,0.37661,0.40611,0.42072,0.36618,0.39310,0.06522,0.07341,0.06962,0.08709,0.08929,0.07147,0.08473,0.06958,0.09062,0.08726,0.07282,0.07817,0.07839,0.06510,0.10478,0.09275,0.09489,0.06792,0.09262,0.06312,0.07519,0.06514,0.05354,0.06322,0.11343,0.12140,0.11245,0.05466,0.10867,0.08855,0.10064,0.07932,0.07875,0.09252,0.04257,0.04372
0.35259,0.31492,0.36337,0.32701,0.33980,0.35063,0.29887,0.36030,0.36508,0.35195,0.36412,0.32527,0.11027,0.09315,0.15093,0.08140,0.09416,0.11200,0.10017,0.13063,0.10689,0.09387,0.12986,0.10799,0.00000,0.24087,0.11486,0.13666,0.06076,0.05738,0.08200,0.12826,0.15230,0.06255,0.08620,0.21106,0.07878,0.07760,0.10052,0.08226,0.07868,0.08291,0.07720,0.09465,0.07881,0.07901,0.07857,0.08712,0.32406,0.30639,0.35195,0.29729,0.32509,0.30746,0.27258,0.30957,0.30069,0.31641,0.32452,0.31645,0.32499,0.29516,0.30826,0.34133,0.33169,0.30878,0.29757,0.30929,0.32495,0.34116,0.29571,0.31840,0.07938,0.07719,0.07870,0.08325,0.08609,0.07922,0.08311,0.07763,0.08484,0.08308,0.07773,0.07884,0.08300,0.07515,0.09335,0.08823,0.09011,0.07786,0.08859,0.07477,0.07998,0.07592,0.07381,0.07638,0.09757,0.09510,0.09636,0.08731,0.09694,0.08852,0.09685,0.09061,0.08684,0.09519,0.08055,0.07539
0.12621,0.13232,0.12283,0.15010,0.13906,0.11671,0.10661,0.11944,0.13957,0.14993,0.12776,0.11499,0.22062,0.24176,0.17367,0.25249,0.24146,0.21314,0.23509,0.17602,0.22464,0.24075,0.18314,0.22119,0.24087,0.00000,0.26539,0.12373,0.20827,0.29374,0.25118,0.20947,0.11502,0.26734,0.20124,0.23362,0.26194,0.25739,0.23373,0.25092,0.27194,0.24839,0.26095,0.22353,0.25468,0.25784,0.26827,0.24681,0.16467,0.16571,0.14993,0.14375,0.17847,0.15441,0.15221,0.14054,0.14872,0.15307,0.17504,0.13880,0.17741,0.18033,0.18254,0.21084,0.20147,0.18438,0.19253,0.18946,0.21859,0.21101,0.17979,0.19875,0.27979,0.28798,0.28419,0.30166,0.30386,0.28604,0.29930,0.28415,0.30519,0.30183,0.28739,0.29274,0.29297,0.27967,0.31935,0.30733,0.30946,0.28249,0.30719,0.27769,0.28976,0.27971,0.26811,0.27780,0.32800,0.33597,0.32702,0.26924,0.32325,0.30312,0.31521,0.29390,0.29332,0.29270,0.25715,0.25829
0.37195,0.32050,0.38170,0.35731,0.36672,0.36041,0.30565,0.37428,0.37486,0.36197,0.37389,0.32269,0.17434,0.15108,0.24271,0.14384,0.15324,0.18515,0.15711,0.22598,0.16757,0.15029,0.21524,0.17244,0.11486,0.26539,0.00000,0.16994,0.14027,0.10329,0.11907,0.06038,0.15976,0.06358,0.12752,0.13338,0.13683,0.13866,0.15774,0.14203,0.12999,0.14545,0.13610,0.16456,0.13897,0.13974,0.13242,0.14682,0.34666,0.30892,0.36197,0.31430,0.33749,0.31691,0.27260,0.32443,0.31445,0.34155,0.33951,0.33145,0.33822,0.28763,0.29778,0.32066,0.32311,0.29665,0.27355,0.30480,0.30071,0.32049,0.28818,0.30616,0.12475,0.11603,0.12056,0.10898,0.10963,0.11943,0.11143,0.11954,0.10700,0.10881,0.11660,0.11300,0.11809,0.12365,0.10031,0.10823,0.10768,0.12314,0.10860,0.12483,0.11812,0.12328,0.12900,0.12609,0.09329,0.08532,0.09427,0.13927,0.09805,0.11399,0.10602,0.12358,0.12358,0.12401,0.13742,0.13586
0.22924,0.18204,0.24007,0.20546,0.21287,0.22371,0.16845,0.23338,0.23816,0.22502,0.23719,0.19421,0.16073,0.15488,0.16902,0.14850,0.15589,0.15989,0.16065,0.17013,0.16299,0.15560,0.17274,0.16341,0.13666,0.12373,0.16994,0.00000,0.10403,0.17980,0.13740,0.14617,0.04207,0.15340,0.08730,0.23129,0.15210,0.14838,0.16034,0.14398,0.15932,0.14376,0.15056,0.14079,0.14588,0.14970,0.15644,0.14892,0.21246,0.19028,0.22502,0.17781,0.22426,0.18253,0.16581,0.18643,0.18269,0.20275,0.22108,0.19301,0.22328,0.21162,0.20544,0.25714,0.24686,0.20721,0.21022,0.21848,0.25070,0.25731,0.21107,0.23023,0.16633,0.17414,0.17047,0.18772,0.18992,0.17225,0.18536,0.17044,0.19125,0.18789,0.17355,0.17880,0.17902,0.16573,0.20541,0.19339,0.19552,0.16855,0.19325,0.16375,0.17582,0.16660,0.15577,0.16385,0.21406,0.22203,0.21308,0.16784,0.20931,0.18918,0.20224,0.17995,0.17938,0.18379,0.15501,0.14595
0.31236,0.28232,0.32337,0.29406,0.30720,0.31803,0.26627,0.32770,0.33248,0.31935,0.33152,0.28671,0.09789,0.09205,0.12872,0.07994,0.09305,0.09771,0.09781,0.11491,0.10015,0.09277,0.11245,0.10081,0.06076,0.20827,0.14027,0.10403,0.00000,0.08573,0.05372,0.15747,0.11969,0.08623,0.04450,0.22833,0.06979,0.07443,0.09750,0.08114,0.07136,0.07888,0.07085,0.07827,0.07720,0.07409,0.06988,0.08602,0.28356,0.26695,0.31935,0.26466,0.29045,0.27389,0.23536,0.27697,0.26758,0.27477,0.28820,0.28385,0.28975,0.26938,0.27631,0.32004,0.30974,0.27776,0.27448,0.27897,0.30876,0.32021,0.26883,0.29321,0.07564,0.08112,0.07825,0.09346,0.09563,0.07970,0.09124,0.07814,0.09692,0.09363,0.08055,0.08515,0.08474,0.07266,0.11109,0.09906,0.10119,0.07471,0.09893,0.07255,0.08150,0.07739,0.07377,0.07134,0.11973,0.12770,0.11875,0.08577,0.11498,0.09485,0.10969,0.08667,0.08505,0.09367,0.07903,0.07339
0.39784,0.36184,0.40885,0.37954,0.39267,0.40351,0.34579,0.41318,0.41796,0.40483,0.41699,0.36324,0.09603,0.07740,0.17387,0.06530,0.07841,0.10713,0.08437,0.15040,0.09164,0.07812,0.13726,0.09673,0.05738,0.29374,0.10329,0.17980,0.08573,0.00000,0.05244,0.13230,0.19556,0.06265,0.09251,0.17865,0.05515,0.05979,0.08468,0.06650,0.04510,0.06686,0.05609,0.08590,0.06255,0.05944,0.04877,0.07138,0.36422,0.34193,0.40483,0.35014,0.35041,0.35343,0.30468,0.36244,0.35306,0.36025,0.35385,0.36932,0.35148,0.31881,0.32634,0.35905,0.34869,0.32579,0.30985,0.33444,0.34184,0.35888,0.31935,0.33942,0.03725,0.03217,0.03409,0.03235,0.03446,0.03353,0.03269,0.03416,0.03311,0.03217,0.03275,0.03124,0.03201,0.03775,0.04047,0.03535,0.03723,0.03501,0.03571,0.03967,0.03222,0.03924,0.04893,0.03925,0.04469,0.04223,0.04348,0.05162,0.04406,0.03565,0.04512,0.04476,0.03729,0.05126,0.05989,0.05875
0.35528,0.31928,0.36629,0.33698,0.35011,0.36095,0.30323,0.37062,0.37540,0.36227,0.37443,0.32068,0.10780,0.09739,0.16053,0.08528,0.09839,0.11133,0.10346,0.13765,0.10788,0.09811,0.13141,0.10991,0.08200,0.25118,0.11907,0.13740,0.05372,0.05244,0.00000,0.14983,0.15300,0.08570,0.05194,0.19200,0.07513,0.07977,0.10341,0.08648,0.06509,0.08505,0.07607,0.09145,0.08254,0.07943,0.06876,0.09136,0.32166,0.29936,0.36227,0.30758,0.30785,0.31087,0.26211,0.31988,0.31049,0.31769,0.31128,0.32676,0.30891,0.27526,0.28253,0.31684,0.30570,0.28069,0.26570,0.29063,0.30237,0.31701,0.27549,0.29580,0.05723,0.05099,0.05283,0.05268,0.05402,0.05099,0.05097,0.05289,0.05529,0.05285,0.05124,0.04997,0.04754,0.05735,0.06817,0.05614,0.05828,0.05453,0.05643,0.05936,0.05187,0.05979,0.06891,0.05923,0.07682,0.08479,0.07584,0.07083,0.07259,0.05194,0.07199,0.06192,0.05539,0.06633,0.08002,0.07873
0.31600,0.27836,0.32444,0.31612,0.32035,0.31018,0.25762,0.31985,0.32468,0.31883,0.32366,0.27365,0.17403,0.15749,0.22606,0.15566,0.15989,0.18230,0.16058,0.21705,0.16573,0.15570,0.20886,0.17010,0.12826,0.20947,0.06038,0.14617,0.15747,0.13230,0.14983,0.00000,0.13027,0.07721,0.13416,0.15276,0.15327,0.15248,0.15907,0.15231,0.15104,0.15624,0.15156,0.16855,0.15110,0.15426,0.15172,0.15566,0.31240,0.27876,0.31883,0.27269,0.30982,0.28137,0.24441,0.27977,0.27803,0.30556,0.31025,0.29434,0.31001,0.26659,0.27577,0.30668,0.30654,0.27561,0.25881,0.28237,0.28824,0.30651,0.26713,0.28760,0.14956,0.14355,0.14709,0.14355,0.14608,0.14693,0.14524,0.14565,0.14308,0.14338,0.14410,0.14299,0.15018,0.14741,0.14498,0.14655,0.14772,0.14933,0.14707,0.14800,0.14758,0.14750,0.14740,0.15000,0.14225,0.13556,0.14374,0.15793,0.14602,0.15097,0.15132,0.15569,0.15695,0.16509,0.15226,0.14925
0.22398,0.16628,0.23375,0.21509,0.21084,0.20795,0.15023,0.21985,0.22240,0.20999,0.22143,0.17617,0.15996,0.15413,0.16326,0.16097,0.15670,0.15912,0.15987,0.16561,0.16222,0.15555,0.16821,0.16264,0.15230,0.11502,0.15976,0.04207,0.11969,0.19556,0.15300,0.13027,0.00000,0.16919,0.10323,0.24715,0.16756,0.16379,0.15957,0.15878,0.17550,0.15677,0.16638,0.14030,0.16138,0.16456,0.17237,0.15661,0.22558,0.19150,0.20999,0.17572,0.23757,0.18278,0.16733,0.17331,0.18090,0.21485,0.23439,0.19200,0.23659,0.21190,0.20651,0.25791,0.25981,0.20820,0.20991,0.21930,0.25266,0.25808,0.21136,0.23222,0.18246,0.19009,0.18653,0.20347,0.20568,0.18822,0.20112,0.18652,0.20701,0.20365,0.18950,0.19466,0.19478,0.18152,0.22117,0.20914,0.21127,0.18430,0.20901,0.17951,0.19157,0.18152,0.17035,0.17967,0.22982,0.23778,0.22883,0.17650,0.22506,0.20493,0.21703,0.19571,0.19514,0.19777,0.16123,0.16238
0.37143,0.33544,0.38244,0.35313,0.36627,0.37711,0.31939,0.38678,0.39156,0.37842,0.39059,0.33684,0.13144,0.11081,0.19520,0.09871,0.11182,0.13888,0.11804,0.17487,0.12642,0.11153,0.16720,0.12986,0.06255,0.26734,0.06358,0.15340,0.08623,0.06265,0.08570,0.07721,0.16919,0.00000,0.08107,0.15732,0.09086,0.09320,0.11850,0.09991,0.08682,0.10106,0.08950,0.11917,0.09596,0.09312,0.08816,0.10479,0.34296,0.31897,0.37842,0.32374,0.33822,0.32703,0.28368,0.33604,0.32665,0.33688,0.33915,0.34292,0.33853,0.30378,0.31343,0.34351,0.33357,0.31311,0.29564,0.31991,0.32506,0.34334,0.30433,0.32452,0.08411,0.07698,0.08100,0.07662,0.07915,0.08067,0.07831,0.07944,0.07615,0.07644,0.07754,0.07616,0.08325,0.08056,0.07805,0.07962,0.08079,0.08250,0.08014,0.08125,0.08065,0.08137,0.08452,0.08330,0.07532,0.06863,0.07681,0.09797,0.07909,0.08404,0.08439,0.08876,0.09002,0.09189,0.09715,0.09216
0.30533,0.26934,0.31634,0.28703,0.30017,0.31100,0.25329,0.32068,0.32545,0.31232,0.32449,0.27074,0.11441,0.10830,0.14105,0.09620,0.10930,0.11466,0.11406,0.12915,0.11662,0.10902,0.12847,0.11751,0.08620,0.20124,0.12752,0.08730,0.04450,0.09251,0.05194,0.13416,0.10323,0.08107,0.00000,0.21673,0.08605,0.09068,0.11375,0.09739,0.07802,0.09513,0.08698,0.09498,0.09345,0.09034,0.07989,0.10227,0.27174,0.24942,0.31232,0.25764,0.27237,0.26093,0.21325,0.26994,0.26055,0.26774,0.27019,0.27682,0.27168,0.25055,0.25256,0.30373,0.29345,0.25409,0.25202,0.26062,0.29020,0.30390,0.25000,0.27670,0.08085,0.08697,0.08371,0.10042,0.10262,0.08524,0.09806,0.08358,0.10395,0.10059,0.08638,0.09150,0.09173,0.08193,0.11812,0.10609,0.10822,0.08260,0.10595,0.08299,0.08932,0.08822,0.08569,0.08061,0.12676,0.13473,0.12578,0.10030,0.12201,0.10188,0.11816,0.09831,0.09208,0.10221,0.09667,0.08964
0.29153,0.25443,0.30228,0.27324,0.28637,0.29610,0.23961,0.30585,0.31055,0.29742,0.30958,0.25626,0.27291,0.24597,0.35105,0.23387,0.24698,0.28504,0.25400,0.32879,0.26557,0.24669,0.31591,0.27104,0.21106,0.23362,0.13338,0.23129,0.22833,0.17865,0.19200,0.15276,0.24715,0.15732,0.21673,0.00000,0.22372,0.22835,0.25483,0.23507,0.21367,0.23784,0.22465,0.26414,0.23112,0.22801,0.21734,0.23994,0.25792,0.23451,0.29742,0.24273,0.24411,0.24602,0.19739,0.25503,0.24564,0.25395,0.24754,0.26191,0.24517,0.20830,0.21768,0.23467,0.22111,0.21584,0.18751,0.22576,0.21317,0.23450,0.20884,0.22507,0.20581,0.19763,0.20142,0.18395,0.18174,0.19957,0.18631,0.20146,0.18042,0.18378,0.19822,0.19287,0.19264,0.20594,0.16625,0.17828,0.17615,0.20312,0.17841,0.20792,0.19585,0.20590,0.21750,0.20781,0.15761,0.14964,0.15859,0.21637,0.16236,0.18249,0.17039,0.19171,0.19229,0.19291,0.22846,0.22731
0.36598,0.32999,0.37699,0.34768,0.36082,0.37165,0.31394,0.38133,0.38610,0.37297,0.38514,0.33139,0.04919,0.02225,0.12881,0.01015,0.02326,0.06133,0.03028,0.10533,0.04185,0.02297,0.09220,0.04732,0.07878,0.26194,0.13683,0.15210,0.06979,0.05515,0.07513,0.15327,0.16756,0.09086,0.08605,0.22372,0.00000,0.00467,0.03111,0.01135,0.01005,0.01412,0.00274,0.04042,0.00772,0.00429,0.00638,0.01622,0.34269,0.32105,0.37297,0.31829,0.35650,0.32158,0.29051,0.33059,0.32152,0.33087,0.35306,0.33747,0.35543,0.33594,0.33784,0.38977,0.37950,0.33968,0.33785,0.34584,0.37533,0.38994,0.33540,0.36232,0.01790,0.02609,0.02230,0.03977,0.04197,0.02415,0.03741,0.02226,0.04330,0.03994,0.02550,0.03085,0.03108,0.01802,0.05747,0.04544,0.04757,0.02060,0.04530,0.01776,0.02787,0.02314,0.01701,0.01638,0.06611,0.07408,0.06513,0.03448,0.06136,0.04123,0.05588,0.03252,0.03143,0.06901,0.02342,0.00802
0.36135,0.32535,0.37236,0.34305,0.35618,0.36702,0.30930,0.37669,0.38147,0.36834,0.38050,0.32675,0.04455,0.01761,0.12417,0.00552,0.01862,0.05669,0.02565,0.10069,0.03721,0.01834,0.08756,0.04268,0.07760,0.25739,0.13866,0.14838,0.07443,0.05979,0.07977,0.15248,0.16379,0.09320,0.09068,0.22835,0.00467,0.00000,0.02648,0.00671,0.01468,0.00949,0.00370,0.03579,0.00319,0.00238,0.01101,0.01159,0.34733,0.32565,0.36834,0.31365,0.36113,0.31694,0.29515,0.32595,0.31699,0.33551,0.35770,0.33283,0.36007,0.34058,0.34248,0.39441,0.38413,0.34432,0.34249,0.35047,0.37996,0.39458,0.34003,0.36696,0.02254,0.03073,0.02694,0.04441,0.04661,0.02878,0.04205,0.02690,0.04794,0.04458,0.03014,0.03548,0.03571,0.02242,0.06210,0.05007,0.05221,0.02524,0.04994,0.02086,0.03251,0.02501,0.01657,0.02054,0.07075,0.07872,0.06977,0.03412,0.06599,0.04587,0.06002,0.03664,0.03607,0.07248,0.02091,0.00469
0.33524,0.31317,0.34588,0.35508,0.34297,0.34054,0.28564,0.35021,0.35499,0.35473,0.35403,0.30027,0.01844,0.00886,0.09769,0.02096,0.00888,0.03021,0.00318,0.07422,0.01074,0.00814,0.06108,0.01621,0.10052,0.23373,0.15774,0.16034,0.09750,0.08468,0.10341,0.15907,0.15957,0.11850,0.11375,0.25483,0.03111,0.02648,0.00000,0.01976,0.04116,0.01862,0.03018,0.01955,0.02371,0.02682,0.03749,0.01489,0.37040,0.34872,0.35473,0.32370,0.38420,0.33721,0.31822,0.32141,0.33410,0.35858,0.38077,0.34495,0.38314,0.36365,0.36555,0.41748,0.40720,0.36739,0.36556,0.37354,0.40303,0.41765,0.36310,0.39003,0.04902,0.05720,0.05341,0.07088,0.07309,0.05526,0.06853,0.05337,0.07441,0.07106,0.05661,0.06196,0.06219,0.04889,0.08858,0.07655,0.07868,0.05171,0.07642,0.04691,0.05898,0.04893,0.03733,0.04702,0.09722,0.10519,0.09624,0.03846,0.09247,0.07234,0.08444,0.06312,0.06254,0.09082,0.02637,0.02752
0.35464,0.31864,0.36565,0.34251,0.34947,0.36031,0.30259,0.36998,0.37476,0.36162,0.37379,0.32004,0.03784,0.01090,0.11746,0.00498,0.01191,0.04998,0.01893,0.09398,0.03050,0.01162,0.08085,0.03597,0.08226,0.25092,0.14203,0.14398,0.08114,0.06650,0.08648,0.15231,0.15878,0.09991,0.09739,0.23507,0.01135,0.00671,0.01976,0.00000,0.02139,0.00491,0.01041,0.02908,0.00395,0.00746,0.01773,0.00495,0.35404,0.33236,0.36162,0.30734,0.36784,0.32085,0.30186,0.31924,0.31775,0.34222,0.36441,0.32992,0.36678,0.34729,0.34919,0.40112,0.39084,0.35103,0.34920,0.35718,0.38668,0.40129,0.34674,0.37367,0.02925,0.03744,0.03365,0.05112,0.05332,0.03550,0.04876,0.03361,0.05465,0.05129,0.03685,0.04220,0.04242,0.02913,0.06881,0.05678,0.05892,0.03195,0.05665,0.02715,0.03922,0.03000,0.01905,0.02725,0.07746,0.08543,0.07648,0.03465,0.07270,0.05258,0.06564,0.04335,0.04278,0.07767,0.01841,0.00775
0.37603,0.34003,0.38704,0.35773,0.37087,0.38170,0.32398,0.39137,0.39615,0.38302,0.39518,0.34143,0.05924,0.03230,0.13885,0.02020,0.03331,0.07137,0.04033,0.11538,0.05190,0.03302,0.10224,0.05736,0.07868,0.27194,0.12999,0.15932,0.07136,0.04510,0.06509,0.15104,0.17550,0.08682,0.07802,0.21367,0.01005,0.01468,0.04116,0.02139,0.00000,0.02417,0.01098,0.05047,0.01745,0.01434,0.00367,0.02627,0.34241,0.32013,0.38302,0.32833,0.34645,0.33162,0.28421,0.34064,0.33125,0.33844,0.34302,0.34751,0.34538,0.32592,0.32780,0.37972,0.36945,0.32963,0.32781,0.33579,0.36528,0.37990,0.32537,0.35227,0.00786,0.01607,0.01226,0.02972,0.03193,0.01410,0.02737,0.01221,0.03325,0.02990,0.01547,0.02080,0.02103,0.01261,0.04742,0.03539,0.03752,0.01231,0.03526,0.01368,0.01889,0.01897,0.01638,0.01076,0.05607,0.06403,0.05508,0.03372,0.05131,0.03118,0.04746,0.02792,0.02147,0.06136,0.02669,0.01449
0.35186,0.31586,0.36287,0.33780,0.34670,0.35753,0.29981,0.36720,0.37198,0.35885,0.37102,0.31726,0.03507,0.01316,0.11468,0.00530,0.01417,0.04720,0.01893,0.09121,0.02773,0.01389,0.07807,0.03320,0.08291,0.24839,0.14545,0.14376,0.07888,0.06686,0.08505,0.15624,0.15677,0.10106,0.09513,0.23784,0.01412,0.00949,0.01862,0.00491,0.02417,0.00000,0.01319,0.02630,0.00708,0.00983,0.02050,0.00714,0.35178,0.33010,0.35885,0.30705,0.36558,0.31859,0.29960,0.31647,0.31585,0.33996,0.36215,0.32633,0.36452,0.34503,0.34693,0.39886,0.38858,0.34877,0.34694,0.35492,0.38441,0.39903,0.34448,0.37141,0.03203,0.04021,0.03642,0.05389,0.05610,0.03827,0.05153,0.03638,0.05742,0.05407,0.03962,0.04497,0.04520,0.03190,0.07159,0.05956,0.06169,0.03472,0.05943,0.02992,0.04199,0.03291,0.02240,0.03003,0.08023,0.08820,0.07925,0.03441,0.07548,0.05535,0.06844,0.04613,0.04555,0.07553,0.02214,0.01053
0.36505,0.32905,0.37606,0.34675,0.35988,0.37072,0.31300,0.38039,0.38517,0.37204,0.38420,0.33045,0.04825,0.02132,0.12787,0.00921,0.02232,0.06039,0.02935,0.10439,0.04091,0.02204,0.09126,0.04638,0.07720,0.26095,0.13610,0.15056,0.07085,0.05609,0.07607,0.15156,0.16638,0.08950,0.08698,0.22465,0.00274,0.00370,0.03018,0.01041,0.01098,0.01319,0.00000,0.03949,0.00647,0.00374,0.00731,0.01529,0.34362,0.32195,0.37204,0.31735,0.35743,0.32064,0.29145,0.32965,0.32027,0.33272,0.35400,0.33653,0.35637,0.33688,0.33878,0.39071,0.38043,0.34062,0.33879,0.34677,0.37626,0.39088,0.33633,0.36326,0.01884,0.02703,0.02324,0.04071,0.04291,0.02508,0.03835,0.02319,0.04424,0.04088,0.02643,0.03178,0.03201,0.01872,0.05840,0.04637,0.04851,0.02154,0.04624,0.01744,0.02881,0.02214,0.01511,0.01684,0.06705,0.07502,0.06607,0.03341,0.06229,0.04216,0.05639,0.03294,0.03237,0.06934,0.02171,0.00593
0.32556,0.29462,0.33657,0.33552,0.32659,0.33123,0.27355,0.34090,0.34568,0.33518,0.34471,0.29096,0.01995,0.01917,0.08838,0.03027,0.02136,0.02300,0.01992,0.06490,0.02221,0.01745,0.05177,0.02262,0.09465,0.22353,0.16456,0.14079,0.07827,0.08590,0.09145,0.16855,0.14030,0.11917,0.09498,0.26414,0.04042,0.03579,0.01955,0.02908,0.05047,0.02630,0.03949,0.00000,0.03302,0.03613,0.04680,0.02420,0.35084,0.32917,0.33518,0.30415,0.36465,0.31766,0.29867,0.30186,0.31455,0.33902,0.36122,0.32540,0.36359,0.34410,0.34600,0.39792,0.38765,0.34784,0.34601,0.35399,0.38348,0.39810,0.34355,0.37048,0.05833,0.06651,0.06273,0.08019,0.08240,0.06457,0.07784,0.06268,0.08373,0.08037,0.06592,0.07127,0.07150,0.05821,0.09789,0.08586,0.08799,0.06102,0.08573,0.05623,0.06829,0.05824,0.04664,0.05633,0.10654,0.11450,0.10555,0.05108,0.10178,0.08165,0.09375,0.07243,0.07185,0.07631,0.03568,0.03683
0.35858,0.32258,0.36959,0.34294,0.35342,0.36425,0.30654,0.37392,0.37870,0.36557,0.37774,0.32398,0.04179,0.01485,0.12140,0.00540,0.01586,0.05392,0.02288,0.09793,0.03445,0.01557,0.08479,0.03992,0.07881,0.25468,0.13897,0.14588,0.07720,0.06255,0.08254,0.15110,0.16138,0.09596,0.09345,0.23112,0.00772,0.00319,0.02371,0.00395,0.01745,0.00708,0.00647,0.03302,0.00000,0.00534,0.01378,0.00882,0.35009,0.32841,0.36557,0.31088,0.36390,0.31811,0.29791,0.32319,0.31380,0.33837,0.36047,0.33086,0.36283,0.34334,0.34524,0.39717,0.38690,0.34708,0.34526,0.35324,0.38273,0.39734,0.34280,0.36972,0.02531,0.03349,0.02970,0.04717,0.04937,0.03155,0.04481,0.02966,0.05070,0.04734,0.03290,0.03825,0.03848,0.02518,0.06487,0.05284,0.05497,0.02800,0.05271,0.02329,0.03527,0.02676,0.01666,0.02331,0.07351,0.08148,0.07253,0.03393,0.06876,0.04863,0.06227,0.03941,0.03883,0.07462,0.01907,0.00381
0.36169,0.32569,0.37270,0.34339,0.35653,0.36736,0.30965,0.37703,0.38181,0.36868,0.38085,0.32709,0.04490,0.01796,0.12451,0.00586,0.01897,0.05703,0.02599,0.10104,0.03756,0.01868,0.08790,0.04303,0.07901,0.25784,0.13974,0.14970,0.07409,0.05944,0.07943,0.15426,0.16456,0.09312,0.09034,0.22801,0.00429,0.00238,0.02682,0.00746,0.01434,0.00983,0.00374,0.03613,0.00534,0.00000,0.01067,0.01193,0.34698,0.32530,0.36868,0.31446,0.36079,0.31835,0.29480,0.32630,0.31914,0.33516,0.35735,0.33318,0.35972,0.34023,0.34213,0.39406,0.38379,0.34397,0.34215,0.35013,0.37962,0.39423,0.33969,0.36661,0.02220,0.03038,0.02659,0.04406,0.04627,0.02844,0.04170,0.02655,0.04759,0.04423,0.02979,0.03514,0.03537,0.02207,0.06176,0.04973,0.05186,0.02489,0.04960,0.02071,0.03216,0.02525,0.01792,0.02025,0.07040,0.07837,0.06942,0.03488,0.06565,0.04552,0.05976,0.03630,0.03572,0.07224,0.02231,0.00693
0.37236,0.33636,0.38337,0.35406,0.36720,0.37803,0.32032,0.38770,0.39248,0.37935,0.39152,0.33776,0.05557,0.02863,0.13518,0.01653,0.02964,0.06770,0.03666,0.11171,0.04823,0.02935,0.09857,0.05370,0.07857,0.26827,0.13242,0.15644,0.06988,0.04877,0.06876,0.15172,0.17237,0.08816,0.07989,0.21734,0.00638,0.01101,0.03749,0.01773,0.00367,0.02050,0.00731,0.04680,0.01378,0.01067,0.00000,0.02260,0.33874,0.31805,0.37935,0.32466,0.35012,0.32795,0.28496,0.33697,0.32758,0.33477,0.34669,0.34385,0.34905,0.32956,0.33147,0.38339,0.37312,0.33330,0.33148,0.33946,0.36895,0.38356,0.32902,0.35594,0.01153,0.01971,0.01592,0.03339,0.03560,0.01777,0.03103,0.01588,0.03692,0.03356,0.01912,0.02447,0.02470,0.01400,0.05109,0.03906,0.04119,0.01472,0.03893,0.01482,0.02196,0.02022,0.01624,0.01230,0.05973,0.06770,0.05875,0.03381,0.05498,0.03485,0.05072,0.02938,0.02505,0.06408,0.02536,0.01174
0.34976,0.31376,0.36077,0.34360,0.34459,0.35543,0.29771,0.36510,0.36988,0.35675,0.36891,0.31516,0.03297,0.00603,0.11258,0.00608,0.00703,0.04510,0.01406,0.08910,0.02562,0.00675,0.07597,0.03109,0.08712,0.24681,0.14682,0.14892,0.08602,0.07138,0.09136,0.15566,0.15661,0.10479,0.10227,0.23994,0.01622,0.01159,0.01489,0.00495,0.02627,0.00714,0.01529,0.02420,0.00882,0.01193,0.02260,0.00000,0.35891,0.33724,0.35675,0.31224,0.37272,0.32573,0.30674,0.31501,0.32262,0.34709,0.36929,0.33347,0.37166,0.35217,0.35407,0.40600,0.39572,0.35591,0.35408,0.36206,0.39155,0.40617,0.35162,0.37855,0.03413,0.04232,0.03853,0.05600,0.05820,0.04037,0.05364,0.03848,0.05953,0.05617,0.04172,0.04707,0.04730,0.03401,0.07369,0.06166,0.06380,0.03682,0.06153,0.03203,0.04410,0.03444,0.02298,0.03213,0.08234,0.09031,0.08136,0.03635,0.07758,0.05745,0.07017,0.04823,0.04766,0.08164,0.01910,0.01263
0.05400,0.07148,0.09046,0.01532,0.02846,0.08458,0.09928,0.07393,0.05374,0.04061,0.07446,0.10164,0.37079,0.36494,0.33743,0.35284,0.36595,0.36994,0.37070,0.33978,0.37305,0.36566,0.34238,0.37347,0.32406,0.16467,0.34666,0.21246,0.28356,0.36422,0.32166,0.31240,0.22558,0.34296,0.27174,0.25792,0.34269,0.34733,0.37040,0.35404,0.34241,0.35178,0.34362,0.35084,0.35009,0.34698,0.33874,0.35891,0.00000,0.04935,0.04061,0.05886,0.01381,0.05813,0.07604,0.06115,0.05055,0.01182,0.01037,0.05039,0.01274,0.06906,0.06407,0.04708,0.03681,0.06591,0.09108,0.05160,0.06760,0.04725,0.06851,0.05669,0.35027,0.35846,0.35467,0.37213,0.37434,0.35651,0.36978,0.35462,0.37567,0.37231,0.35786,0.36321,0.36344,0.35215,0.38983,0.37780,0.37994,0.35328,0.37767,0.35278,0.36053,0.35822,0.35384,0.35059,0.39848,0.40645,0.39750,0.36805,0.39372,0.37359,0.38929,0.36748,0.36380,0.37205,0.36249,0.34842
0.10124,0.03554,0.13648,0.06256,0.07570,0.06158,0.06543,0.11102,0.07603,0.06290,0.07507,0.09210,0.34911,0.34326,0.33938,0.33116,0.34427,0.34827,0.34903,0.34173,0.35137,0.34398,0.34434,0.35179,0.30639,0.16571,0.30892,0.19028,0.26695,0.34193,0.29936,0.27876,0.19150,0.31897,0.24942,0.23451,0.32105,0.32565,0.34872,0.33236,0.32013,0.33010,0.32195,0.32917,0.32841,0.32530,0.31805,0.33724,0.04935,0.00000,0.06290,0.07873,0.06043,0.01151,0.03725,0.08102,0.07058,0.05927,0.05700,0.02740,0.05937,0.06621,0.01683,0.06876,0.08343,0.01867,0.04701,0.06868,0.08467,0.06893,0.06567,0.04944,0.32798,0.33616,0.33237,0.34984,0.35204,0.33422,0.34748,0.33233,0.35337,0.35001,0.33557,0.34092,0.34115,0.32912,0.36754,0.35551,0.35764,0.33083,0.35537,0.32942,0.33814,0.33478,0.32989,0.32784,0.37618,0.38415,0.37520,0.34531,0.37143,0.35130,0.36686,0.34484,0.34150,0.34969,0.33947,0.32584
0.03834,0.04488,0.07358,0.02529,0.01762,0.04397,0.07149,0.04812,0.01313,0.00000,0.03385,0.07380,0.35513,0.35260,0.32177,0.36282,0.35516,0.35428,0.35510,0.32412,0.35739,0.35000,0.32672,0.35781,0.35195,0.14993,0.36197,0.22502,0.31935,0.40483,0.36227,0.31883,0.20999,0.37842,0.31232,0.29742,0.37297,0.36834,0.35473,0.36162,0.38302,0.35885,0.37204,0.33518,0.36557,0.36868,0.37935,0.35675,0.04061,0.06290,0.00000,0.05469,0.05441,0.05140,0.10015,0.04238,0.05177,0.04458,0.05098,0.03550,0.05335,0.08912,0.07973,0.06274,0.07741,0.08157,0.10991,0.07166,0.08425,0.06292,0.08857,0.07235,0.39088,0.39906,0.39527,0.41274,0.41495,0.39712,0.41039,0.39523,0.41627,0.41292,0.39847,0.40382,0.40405,0.39075,0.43044,0.41841,0.42054,0.39357,0.41828,0.38878,0.40084,0.39079,0.37919,0.38888,0.43909,0.44705,0.43810,0.38458,0.43433,0.41420,0.42630,0.40498,0.40440,0.40680,0.36823,0.36938
0.06750,0.06544,0.09157,0.04754,0.05471,0.09866,0.06080,0.07956,0.06782,0.05469,0.08854,0.06518,0.32410,0.31825,0.31081,0.31212,0.31925,0.32325,0.32401,0.31282,0.32636,0.31897,0.31542,0.32678,0.29729,0.14375,0.31430,0.17781,0.26466,0.35014,0.30758,0.27269,0.17572,0.32374,0.25764,0.24273,0.31829,0.31365,0.32370,0.30734,0.32833,0.30705,0.31735,0.30415,0.31088,0.31446,0.32466,0.31224,0.05886,0.07873,0.05469,0.00000,0.07267,0.06722,0.06530,0.01233,0.01045,0.04864,0.06924,0.06803,0.07161,0.08344,0.09556,0.09377,0.09567,0.09740,0.11038,0.06610,0.09623,0.09395,0.08289,0.09394,0.33619,0.34438,0.34059,0.35806,0.36026,0.34243,0.35570,0.34055,0.36159,0.35823,0.34378,0.34913,0.34936,0.33607,0.37575,0.36372,0.36586,0.33889,0.36359,0.33409,0.34616,0.33694,0.32600,0.33419,0.38440,0.39237,0.38342,0.33826,0.37964,0.35951,0.37257,0.35029,0.34972,0.35413,0.32555,0.31469
0.06780,0.08529,0.10426,0.02913,0.04226,0.09838,0.11309,0.08773,0.06755,0.05441,0.08827,0.11544,0.38460,0.37875,0.35123,0.36664,0.37975,0.38375,0.38451,0.35358,0.38686,0.37947,0.35619,0.38727,0.32509,0.17847,0.33749,0.22426,0.29045,0.35041,0.30785,0.30982,0.23757,0.33822,0.27237,0.24411,0.35650,0.36113,0.38420,0.36784,0.34645,0.36558,0.35743,0.36465,0.36390,0.36079,0.35012,0.37272,0.01381,0.06043,0.05441,0.07267,0.00000,0.07194,0.08208,0.07496,0.06436,0.02563,0.00343,0.06419,0.00106,0.05675,0.05058,0.03327,0.02300,0.05212,0.07727,0.03948,0.05380,0.03345,0.05620,0.04331,0.33859,0.34613,0.34118,0.35833,0.36053,0.34272,0.35597,0.34251,0.36186,0.35850,0.34555,0.34984,0.35014,0.34839,0.37602,0.36400,0.36613,0.34660,0.36386,0.35039,0.35108,0.35495,0.35575,0.34750,0.38467,0.39264,0.38369,0.36817,0.38015,0.35979,0.37799,0.36284,0.35440,0.36214,0.36827,0.36009
0.08973,0.02404,0.12497,0.05121,0.06419,0.05008,0.05392,0.09951,0.06453,0.05140,0.06356,0.08059,0.33761,0.33176,0.32788,0.31981,0.33276,0.33676,0.33752,0.33023,0.33987,0.33248,0.33283,0.34028,0.30746,0.15441,0.31691,0.18253,0.27389,0.35343,0.31087,0.28137,0.18278,0.32703,0.26093,0.24602,0.32158,0.31694,0.33721,0.32085,0.33162,0.31859,0.32064,0.31766,0.31811,0.31835,0.32795,0.32573,0.05813,0.01151,0.05140,0.06722,0.07194,0.00000,0.04876,0.06951,0.06028,0.06210,0.06850,0.01589,0.07087,0.07772,0.02834,0.08026,0.09494,0.03018,0.05851,0.08019,0.09617,0.08044,0.07717,0.06095,0.33948,0.34767,0.34388,0.36135,0.36355,0.34572,0.35899,0.34384,0.36488,0.36152,0.34707,0.35242,0.35265,0.33936,0.37904,0.36701,0.36915,0.34218,0.36688,0.33762,0.34945,0.34153,0.33259,0.33748,0.38769,0.39566,0.38671,0.34645,0.38293,0.36281,0.37677,0.35358,0.35301,0.35867,0.33607,0.32018
0.12047,0.05980,0.14807,0.09096,0.10410,0.09883,0.06606,0.13243,0.11328,0.10015,0.11232,0.09528,0.31861,0.31276,0.31837,0.30066,0.31377,0.31777,0.31853,0.32035,0.32087,0.31349,0.32296,0.32129,0.27258,0.15221,0.27260,0.16581,0.23536,0.30468,0.26211,0.24441,0.16733,0.28368,0.21325,0.19739,0.29051,0.29515,0.31822,0.30186,0.28421,0.29960,0.29145,0.29867,0.29791,0.29480,0.28496,0.30674,0.07604,0.03725,0.10015,0.06530,0.08208,0.04876,0.00000,0.06761,0.05780,0.07168,0.07865,0.06465,0.08102,0.05803,0.04733,0.09926,0.10508,0.04917,0.05707,0.06257,0.09724,0.09943,0.05748,0.07561,0.29073,0.29891,0.29512,0.31259,0.31479,0.29697,0.31023,0.29508,0.31612,0.31276,0.29832,0.30367,0.30390,0.29351,0.33029,0.31826,0.32039,0.29444,0.31813,0.29418,0.30141,0.29944,0.29599,0.29227,0.33893,0.34690,0.33795,0.31129,0.33418,0.31405,0.33019,0.30975,0.30425,0.31336,0.30680,0.29463
0.05709,0.05338,0.08483,0.04603,0.04395,0.08635,0.05402,0.07091,0.05552,0.04238,0.07624,0.06004,0.32181,0.31620,0.30813,0.32063,0.31854,0.32096,0.32172,0.31048,0.32407,0.31668,0.31309,0.32449,0.30957,0.14054,0.32443,0.18643,0.27697,0.36244,0.31988,0.27977,0.17331,0.33604,0.26994,0.25503,0.33059,0.32595,0.32141,0.31924,0.34064,0.31647,0.32965,0.30186,0.32319,0.32630,0.33697,0.31501,0.06115,0.08102,0.04238,0.01233,0.07496,0.06951,0.06761,0.00000,0.01583,0.05092,0.07153,0.06883,0.07390,0.08573,0.09785,0.09606,0.09796,0.09969,0.11269,0.06841,0.09853,0.09624,0.08518,0.09625,0.34849,0.35668,0.35289,0.37036,0.37256,0.35474,0.36800,0.35285,0.37389,0.37053,0.35609,0.36144,0.36166,0.34837,0.38805,0.37602,0.37816,0.35119,0.37589,0.34639,0.35846,0.34850,0.33699,0.34649,0.39670,0.40467,0.39572,0.34500,0.39195,0.37182,0.38423,0.36259,0.36202,0.36509,0.33004,0.32699
0.06857,0.06478,0.09446,0.04340,0.05388,0.09574,0.06599,0.08054,0.06490,0.05177,0.08562,0.07194,0.33450,0.32865,0.31793,0.31920,0.32966,0.33365,0.33441,0.32028,0.33676,0.32937,0.32289,0.33718,0.30069,0.14872,0.31445,0.18269,0.26758,0.35306,0.31049,0.27803,0.18090,0.32665,0.26055,0.24564,0.32152,0.31699,0.33410,0.31775,0.33125,0.31585,0.32027,0.31455,0.31380,0.31914,0.32758,0.32262,0.05055,0.07058,0.05177,0.01045,0.06436,0.06028,0.05780,0.01583,0.00000,0.04041,0.06093,0.06235,0.06329,0.07303,0.08741,0.08337,0.08736,0.08925,0.10224,0.05571,0.08583,0.08354,0.07249,0.08355,0.33911,0.34729,0.34350,0.36097,0.36318,0.34535,0.35862,0.34346,0.36450,0.36114,0.34670,0.35205,0.35228,0.33898,0.37867,0.36664,0.36877,0.34180,0.36651,0.33709,0.34907,0.34056,0.33046,0.33711,0.38731,0.39528,0.38633,0.34432,0.38256,0.36243,0.37607,0.35321,0.35263,0.35794,0.33287,0.31761
0.05797,0.07131,0.09044,0.01929,0.03243,0.08855,0.09374,0.07391,0.05771,0.04458,0.07843,0.09753,0.35897,0.35312,0.32561,0.34102,0.35413,0.35812,0.35888,0.32796,0.36123,0.35384,0.33056,0.36165,0.31641,0.15307,0.34155,0.20275,0.27477,0.36025,0.31769,0.30556,0.21485,0.33688,0.26774,0.25395,0.33087,0.33551,0.35858,0.34222,0.33844,0.33996,0.33272,0.33902,0.33837,0.33516,0.33477,0.34709,0.01182,0.05927,0.04458,0.04864,0.02563,0.06210,0.07168,0.05092,0.04041,0.00000,0.02219,0.05436,0.02456,0.06935,0.07589,0.05890,0.04863,0.07773,0.09762,0.05454,0.07848,0.05907,0.06880,0.06851,0.34630,0.35448,0.35070,0.36816,0.37037,0.35254,0.36581,0.35065,0.37170,0.36834,0.35389,0.35924,0.35947,0.34676,0.38586,0.37383,0.37596,0.34899,0.37370,0.34678,0.35626,0.35213,0.34642,0.34512,0.39451,0.40247,0.39352,0.36052,0.38975,0.36962,0.38447,0.36144,0.35983,0.36717,0.35334,0.33820
0.06437,0.08186,0.10083,0.02569,0.03883,0.09495,0.10965,0.08430,0.06411,0.05098,0.08484,0.11201,0.38116,0.37531,0.34780,0.36321,0.37632,0.38032,0.38108,0.35015,0.38342,0.37604,0.35276,0.38384,0.32452,0.17504,0.33951,0.22108,0.28820,0.35385,0.31128,0.31025,0.23439,0.33915,0.27019,0.24754,0.35306,0.35770,0.38077,0.36441,0.34302,0.36215,0.35400,0.36122,0.36047,0.35735,0.34669,0.36929,0.01037,0.05700,0.05098,0.06924,0.00343,0.06850,0.07865,0.07153,0.06093,0.02219,0.00000,0.06076,0.00237,0.05896,0.05370,0.03671,0.02643,0.05554,0.08070,0.04144,0.05723,0.03688,0.05841,0.04631,0.33990,0.34835,0.34429,0.36176,0.36396,0.34614,0.35940,0.34447,0.36529,0.36193,0.34776,0.35284,0.35307,0.34839,0.37945,0.36743,0.36956,0.34708,0.36729,0.35016,0.35263,0.35506,0.35461,0.34708,0.38810,0.39607,0.38712,0.36781,0.38335,0.36322,0.38071,0.36378,0.35533,0.36444,0.36649,0.35677
0.07384,0.03178,0.10908,0.03760,0.04830,0.03419,0.06167,0.08362,0.04864,0.03550,0.04767,0.08762,0.34535,0.33950,0.31199,0.32983,0.34051,0.34450,0.34526,0.31434,0.34761,0.34022,0.31694,0.34803,0.31645,0.13880,0.33145,0.19301,0.28385,0.36932,0.32676,0.29434,0.19200,0.34292,0.27682,0.26191,0.33747,0.33283,0.34495,0.32992,0.34751,0.32633,0.33653,0.32540,0.33086,0.33318,0.34385,0.33347,0.05039,0.02740,0.03550,0.06803,0.06419,0.01589,0.06465,0.06883,0.06235,0.05436,0.06076,0.00000,0.06313,0.07721,0.04423,0.07252,0.08719,0.04607,0.07440,0.08144,0.09403,0.07270,0.07667,0.06044,0.35537,0.36356,0.35977,0.37724,0.37944,0.36162,0.37488,0.35973,0.38077,0.37741,0.36297,0.36832,0.36854,0.35525,0.39493,0.38290,0.38504,0.35807,0.38277,0.35327,0.36534,0.35659,0.34650,0.35337,0.40358,0.41155,0.40260,0.35909,0.39883,0.37870,0.39199,0.36947,0.36890,0.37374,0.34724,0.33405
0.06674,0.08422,0.10320,0.02806,0.04120,0.09732,0.11202,0.08667,0.06648,0.05335,0.08720,0.11438,0.38353,0.37768,0.35017,0.36558,0.37869,0.38269,0.38345,0.35252,0.38579,0.37840,0.35513,0.38621,0.32499,0.17741,0.33822,0.22328,0.28975,0.35148,0.30891,0.31001,0.23659,0.33853,0.27168,0.24517,0.35543,0.36007,0.38314,0.36678,0.34538,0.36452,0.35637,0.36359,0.36283,0.35972,0.34905,0.37166,0.01274,0.05937,0.05335,0.07161,0.00106,0.07087,0.08102,0.07390,0.06329,0.02456,0.00237,0.06313,0.00000,0.05745,0.05144,0.03434,0.02406,0.05317,0.07833,0.04006,0.05486,0.03451,0.05691,0.04424,0.33753,0.34684,0.34204,0.35939,0.36160,0.34377,0.35704,0.34309,0.36292,0.35957,0.34626,0.35077,0.35088,0.34839,0.37709,0.36506,0.36719,0.34677,0.36493,0.35028,0.35144,0.35503,0.35542,0.34736,0.38574,0.39370,0.38475,0.36808,0.38114,0.36085,0.37883,0.36300,0.35452,0.36283,0.36771,0.35904
0.11676,0.09522,0.14754,0.08438,0.09751,0.11140,0.11019,0.12889,0.10225,0.08912,0.10128,0.11379,0.36404,0.35819,0.34659,0.34609,0.35920,0.36320,0.36396,0.34839,0.36630,0.35891,0.35100,0.36672,0.29516,0.18033,0.28763,0.21162,0.26938,0.31881,0.27526,0.26659,0.21190,0.30378,0.25055,0.20830,0.33594,0.34058,0.36365,0.34729,0.32592,0.34503,0.33688,0.34410,0.34334,0.34023,0.32956,0.35217,0.06906,0.06621,0.08912,0.08344,0.05675,0.07772,0.05803,0.08573,0.07303,0.06935,0.05896,0.07721,0.05745,0.00000,0.05058,0.05383,0.06410,0.04981,0.04401,0.02090,0.04458,0.05400,0.00055,0.02638,0.31918,0.30994,0.31484,0.32362,0.32583,0.31406,0.32127,0.31383,0.32716,0.32380,0.31044,0.31470,0.31872,0.31949,0.34132,0.32929,0.33142,0.31797,0.32953,0.32183,0.31870,0.32416,0.32981,0.32079,0.34997,0.35793,0.34898,0.34034,0.34569,0.32526,0.34477,0.33379,0.32657,0.32920,0.34363,0.33954
0.11807,0.05238,0.15331,0.07939,0.09253,0.07842,0.08226,0.12785,0.09287,0.07973,0.09190,0.10893,0.36594,0.36009,0.35621,0.34799,0.36110,0.36510,0.36586,0.35857,0.36820,0.36082,0.36117,0.36862,0.30826,0.18254,0.29778,0.20544,0.27631,0.32634,0.28253,0.27577,0.20651,0.31343,0.25256,0.21768,0.33784,0.34248,0.36555,0.34919,0.32780,0.34693,0.33878,0.34600,0.34524,0.34213,0.33147,0.35407,0.06407,0.01683,0.07973,0.09556,0.05058,0.02834,0.04733,0.09785,0.08741,0.07589,0.05370,0.04423,0.05144,0.05058,0.00000,0.05193,0.06660,0.00184,0.03017,0.05376,0.06783,0.05210,0.05013,0.03279,0.32005,0.32052,0.31554,0.33301,0.33521,0.31739,0.33065,0.31741,0.33654,0.33318,0.32003,0.32427,0.32572,0.32514,0.35070,0.33868,0.34081,0.32335,0.33854,0.32744,0.32649,0.33126,0.33384,0.32497,0.35935,0.36732,0.35837,0.34591,0.35483,0.33447,0.35325,0.33987,0.33172,0.33748,0.34742,0.34144
0.10108,0.10430,0.13632,0.06240,0.07554,0.10671,0.13419,0.11086,0.07587,0.06274,0.09660,0.13654,0.41787,0.41202,0.38451,0.39992,0.41303,0.41703,0.41778,0.38686,0.42013,0.41274,0.38946,0.42055,0.34133,0.21084,0.32066,0.25714,0.32004,0.35905,0.31684,0.30668,0.25791,0.34351,0.30373,0.23467,0.38977,0.39441,0.41748,0.40112,0.37972,0.39886,0.39071,0.39792,0.39717,0.39406,0.38339,0.40600,0.04708,0.06876,0.06274,0.09377,0.03327,0.08026,0.09926,0.09606,0.08337,0.05890,0.03671,0.07252,0.03434,0.05383,0.05193,0.00000,0.01580,0.05009,0.05217,0.04393,0.02151,0.00017,0.05437,0.02745,0.37187,0.36368,0.36747,0.35000,0.35333,0.36562,0.35264,0.36751,0.35353,0.35017,0.36427,0.35892,0.35933,0.37199,0.36769,0.35764,0.35897,0.36917,0.35890,0.37397,0.36250,0.37214,0.38355,0.37386,0.37634,0.38431,0.37536,0.38486,0.37318,0.35974,0.37475,0.37315,0.36934,0.36093,0.39490,0.39337
0.09080,0.10829,0.12726,0.05212,0.06526,0.12138,0.13609,0.11073,0.09055,0.07741,0.11127,0.13844,0.40760,0.40175,0.37423,0.38964,0.40275,0.40675,0.40751,0.37658,0.40985,0.40247,0.37919,0.41027,0.33169,0.20147,0.32311,0.24686,0.30974,0.34869,0.30570,0.30654,0.25981,0.33357,0.29345,0.22111,0.37950,0.38413,0.40720,0.39084,0.36945,0.38858,0.38043,0.38765,0.38690,0.38379,0.37312,0.39572,0.03681,0.08343,0.07741,0.09567,0.02300,0.09494,0.10508,0.09796,0.08736,0.04863,0.02643,0.08719,0.02406,0.06410,0.06660,0.01580,0.00000,0.06476,0.06342,0.05421,0.03296,0.01576,0.06465,0.04212,0.36159,0.35340,0.35719,0.34086,0.33753,0.35535,0.34208,0.35724,0.34102,0.34082,0.35400,0.34865,0.34842,0.36171,0.35302,0.34449,0.34495,0.35890,0.34577,0.36369,0.35261,0.36222,0.37328,0.36359,0.36167,0.36964,0.36069,0.37370,0.35884,0.34710,0.36086,0.36055,0.35677,0.34763,0.38443,0.38309
0.11991,0.05421,0.15515,0.08123,0.09437,0.08026,0.08410,0.12969,0.09470,0.08157,0.09374,0.11077,0.36778,0.36193,0.35805,0.34983,0.36294,0.36694,0.36770,0.36040,0.37004,0.36265,0.36301,0.37046,0.30878,0.18438,0.29665,0.20721,0.27776,0.32579,0.28069,0.27561,0.20820,0.31311,0.25409,0.21584,0.33968,0.34432,0.36739,0.35103,0.32963,0.34877,0.34062,0.34784,0.34708,0.34397,0.33330,0.35591,0.06591,0.01867,0.08157,0.09740,0.05212,0.03018,0.04917,0.09969,0.08925,0.07773,0.05554,0.04607,0.05317,0.04981,0.00184,0.05009,0.06476,0.00000,0.02834,0.05414,0.06600,0.05026,0.04949,0.03122,0.32178,0.31974,0.31738,0.33117,0.33337,0.31555,0.32881,0.31779,0.33470,0.33134,0.31939,0.32270,0.32452,0.32562,0.34886,0.33684,0.33897,0.32353,0.33670,0.32802,0.32587,0.33137,0.33495,0.32569,0.35751,0.36548,0.35653,0.34612,0.35300,0.33263,0.35168,0.33943,0.33167,0.33608,0.34851,0.34328
0.14226,0.07783,0.17591,0.10639,0.11953,0.10859,0.10178,0.15353,0.12304,0.10991,0.12207,0.12893,0.36595,0.36010,0.36292,0.34800,0.36111,0.36511,0.36587,0.36527,0.36821,0.36083,0.36788,0.36863,0.29757,0.19253,0.27355,0.21022,0.27448,0.30985,0.26570,0.25881,0.20991,0.29564,0.25202,0.18751,0.33785,0.34249,0.36556,0.34920,0.32781,0.34694,0.33879,0.34601,0.34526,0.34215,0.33148,0.35408,0.09108,0.04701,0.10991,0.11038,0.07727,0.05851,0.05707,0.11269,0.10224,0.09762,0.08070,0.07440,0.07833,0.04401,0.03017,0.05217,0.06342,0.02834,0.00000,0.05744,0.04848,0.05234,0.04456,0.03938,0.31995,0.31176,0.31555,0.30309,0.30504,0.31371,0.30048,0.31559,0.30637,0.30326,0.31235,0.30701,0.30798,0.32007,0.32053,0.30951,0.31124,0.31725,0.31062,0.32205,0.31202,0.32119,0.33163,0.32195,0.32918,0.33715,0.32820,0.33450,0.32575,0.30972,0.32666,0.32327,0.31860,0.31277,0.34324,0.34145
0.09930,0.09769,0.13141,0.06691,0.08005,0.11562,0.11461,0.11276,0.08479,0.07166,0.10551,0.11804,0.37394,0.36809,0.35759,0.35599,0.36909,0.37309,0.37385,0.35985,0.37620,0.36881,0.36246,0.37661,0.30929,0.18946,0.30480,0.21848,0.27897,0.33444,0.29063,0.28237,0.21930,0.31991,0.26062,0.22576,0.34584,0.35047,0.37354,0.35718,0.33579,0.35492,0.34677,0.35399,0.35324,0.35013,0.33946,0.36206,0.05160,0.06868,0.07166,0.06610,0.03948,0.08019,0.06257,0.06841,0.05571,0.05454,0.04144,0.08144,0.04006,0.02090,0.05376,0.04393,0.05421,0.05414,0.05744,0.00000,0.03792,0.04411,0.02042,0.03990,0.32914,0.32755,0.32545,0.34109,0.34329,0.32583,0.33873,0.32358,0.34462,0.34126,0.32703,0.33217,0.33373,0.33221,0.35878,0.34675,0.34889,0.33079,0.34662,0.33452,0.33391,0.33814,0.34104,0.33248,0.36743,0.37540,0.36645,0.35353,0.36291,0.34255,0.36114,0.34780,0.33983,0.34537,0.35500,0.34943
0.11656,0.11874,0.15131,0.08292,0.09606,0.12822,0.14099,0.13132,0.09738,0.08425,0.11810,0.14367,0.40343,0.39758,0.38491,0.38548,0.39859,0.40258,0.40334,0.38622,0.40569,0.39830,0.38882,0.40611,0.32495,0.21859,0.30071,0.25070,0.30876,0.34184,0.30237,0.28824,0.25266,0.32506,0.29020,0.21317,0.37533,0.37996,0.40303,0.38668,0.36528,0.38441,0.37626,0.38348,0.38273,0.37962,0.36895,0.39155,0.06760,0.08467,0.08425,0.09623,0.05380,0.09617,0.09724,0.09853,0.08583,0.07848,0.05723,0.09403,0.05486,0.04458,0.06783,0.02151,0.03296,0.06600,0.04848,0.03792,0.00000,0.02133,0.04512,0.03704,0.35742,0.34924,0.35303,0.33556,0.33551,0.35118,0.33791,0.35307,0.33203,0.33538,0.34983,0.34448,0.34425,0.35755,0.34619,0.33785,0.33905,0.35473,0.33910,0.35952,0.34746,0.35751,0.36911,0.35942,0.35492,0.36280,0.35385,0.36830,0.35208,0.34210,0.35417,0.35523,0.35256,0.34064,0.38012,0.37892
0.10125,0.10448,0.13649,0.06257,0.07571,0.10688,0.13436,0.11103,0.07605,0.06292,0.09677,0.13672,0.41804,0.41219,0.38468,0.40009,0.41320,0.41720,0.41796,0.38703,0.42030,0.41292,0.38964,0.42072,0.34116,0.21101,0.32049,0.25731,0.32021,0.35888,0.31701,0.30651,0.25808,0.34334,0.30390,0.23450,0.38994,0.39458,0.41765,0.40129,0.37990,0.39903,0.39088,0.39810,0.39734,0.39423,0.38356,0.40617,0.04725,0.06893,0.06292,0.09395,0.03345,0.08044,0.09943,0.09624,0.08354,0.05907,0.03688,0.07270,0.03451,0.05400,0.05210,0.00017,0.01576,0.05026,0.05234,0.04411,0.02133,0.00000,0.05455,0.02762,0.37204,0.36385,0.36764,0.35017,0.35329,0.36580,0.35281,0.36768,0.35336,0.35000,0.36444,0.35910,0.35950,0.37216,0.36752,0.35780,0.35913,0.36934,0.35906,0.37414,0.36267,0.37231,0.38372,0.37404,0.37625,0.38414,0.37519,0.38503,0.37322,0.35991,0.37488,0.37332,0.36952,0.36106,0.39507,0.39354
0.11622,0.09468,0.14699,0.08383,0.09697,0.11085,0.10964,0.12834,0.10171,0.08857,0.10074,0.11325,0.36350,0.35765,0.34604,0.34555,0.35866,0.36265,0.36341,0.34785,0.36576,0.35837,0.35045,0.36618,0.29571,0.17979,0.28818,0.21107,0.26883,0.31935,0.27549,0.26713,0.21136,0.30433,0.25000,0.20884,0.33540,0.34003,0.36310,0.34674,0.32537,0.34448,0.33633,0.34355,0.34280,0.33969,0.32902,0.35162,0.06851,0.06567,0.08857,0.08289,0.05620,0.07717,0.05748,0.08518,0.07249,0.06880,0.05841,0.07667,0.05691,0.00055,0.05013,0.05437,0.06465,0.04949,0.04456,0.02042,0.04512,0.05455,0.00000,0.02693,0.31863,0.31049,0.31439,0.32417,0.32637,0.31374,0.32181,0.31335,0.32770,0.32434,0.30990,0.31525,0.31817,0.31895,0.34186,0.32984,0.33197,0.31743,0.32970,0.32128,0.31816,0.32362,0.32926,0.32024,0.35051,0.35848,0.34953,0.33980,0.34600,0.32578,0.34436,0.33324,0.32603,0.32877,0.34308,0.33899
0.11068,0.08499,0.14593,0.07200,0.08514,0.09463,0.11487,0.12047,0.08548,0.07235,0.08451,0.11728,0.39042,0.38457,0.37242,0.37247,0.38558,0.38958,0.39034,0.37477,0.39268,0.38529,0.37738,0.39310,0.31840,0.19875,0.30616,0.23023,0.29321,0.33942,0.29580,0.28760,0.23222,0.32452,0.27670,0.22507,0.36232,0.36696,0.39003,0.37367,0.35227,0.37141,0.36326,0.37048,0.36972,0.36661,0.35594,0.37855,0.05669,0.04944,0.07235,0.09394,0.04331,0.06095,0.07561,0.09625,0.08355,0.06851,0.04631,0.06044,0.04424,0.02638,0.03279,0.02745,0.04212,0.03122,0.03938,0.03990,0.03704,0.02762,0.02693,0.00000,0.34471,0.33623,0.34020,0.34040,0.34260,0.33862,0.33804,0.34006,0.34393,0.34057,0.33682,0.33147,0.33922,0.34464,0.35809,0.34623,0.34820,0.34217,0.34667,0.34676,0.34011,0.34730,0.35610,0.34647,0.36674,0.37471,0.36576,0.36313,0.36274,0.34341,0.36266,0.35508,0.34899,0.34754,0.36876,0.36592
0.38389,0.34789,0.39490,0.36559,0.37872,0.38956,0.33184,0.39923,0.40401,0.39088,0.40304,0.34929,0.06710,0.04016,0.14671,0.02805,0.04116,0.07923,0.04819,0.12323,0.05975,0.04088,0.11010,0.06522,0.07938,0.27979,0.12475,0.16633,0.07564,0.03725,0.05723,0.14956,0.18246,0.08411,0.08085,0.20581,0.01790,0.02254,0.04902,0.02925,0.00786,0.03203,0.01884,0.05833,0.02531,0.02220,0.01153,0.03413,0.35027,0.32798,0.39088,0.33619,0.33859,0.33948,0.29073,0.34849,0.33911,0.34630,0.33990,0.35537,0.33753,0.31918,0.32005,0.37187,0.36159,0.32178,0.31995,0.32914,0.35742,0.37204,0.31863,0.34471,0.00000,0.00932,0.00451,0.02187,0.02407,0.00624,0.01951,0.00556,0.02540,0.02204,0.00873,0.01324,0.01335,0.01087,0.03956,0.02753,0.02967,0.00924,0.02740,0.01275,0.01391,0.01751,0.01789,0.00983,0.04821,0.05618,0.04723,0.03396,0.04362,0.02332,0.04130,0.02548,0.01699,0.05579,0.03018,0.02152
0.39207,0.35608,0.40308,0.37377,0.38691,0.39775,0.34003,0.40742,0.41220,0.39906,0.41123,0.35748,0.07528,0.04834,0.15490,0.03624,0.04935,0.08742,0.05637,0.13142,0.06794,0.04906,0.11829,0.07341,0.07719,0.28798,0.11603,0.17414,0.08112,0.03217,0.05099,0.14355,0.19009,0.07698,0.08697,0.19763,0.02609,0.03073,0.05720,0.03744,0.01607,0.04021,0.02703,0.06651,0.03349,0.03038,0.01971,0.04232,0.35846,0.33616,0.39906,0.34438,0.34613,0.34767,0.29891,0.35668,0.34729,0.35448,0.34835,0.36356,0.34684,0.30994,0.32052,0.36368,0.35340,0.31974,0.31176,0.32755,0.34924,0.36385,0.31049,0.33623,0.00932,0.00000,0.00498,0.01368,0.01588,0.00419,0.01132,0.00398,0.01721,0.01385,0.00059,0.00476,0.00878,0.00960,0.03137,0.01935,0.02148,0.00807,0.01959,0.01193,0.00876,0.01423,0.01995,0.01090,0.04002,0.04799,0.03904,0.03382,0.03575,0.01531,0.03483,0.02386,0.01665,0.04974,0.03375,0.02969
0.38829,0.35229,0.39930,0.36999,0.38312,0.39396,0.33624,0.40363,0.40841,0.39527,0.40744,0.35369,0.07149,0.04455,0.15111,0.03245,0.04556,0.08363,0.05258,0.12763,0.06415,0.04527,0.11450,0.06962,0.07870,0.28419,0.12056,0.17047,0.07825,0.03409,0.05283,0.14709,0.18653,0.08100,0.08371,0.20142,0.02230,0.02694,0.05341,0.03365,0.01226,0.03642,0.02324,0.06273,0.02970,0.02659,0.01592,0.03853,0.35467,0.33237,0.39527,0.34059,0.34118,0.34388,0.29512,0.35289,0.34350,0.35070,0.34429,0.35977,0.34204,0.31484,0.31554,0.36747,0.35719,0.31738,0.31555,0.32545,0.35303,0.36764,0.31439,0.34020,0.00451,0.00498,0.00000,0.01747,0.01967,0.00185,0.01511,0.00187,0.02100,0.01764,0.00449,0.00873,0.01018,0.00960,0.03516,0.02313,0.02527,0.00781,0.02300,0.01190,0.01095,0.01572,0.01830,0.00943,0.04381,0.05178,0.04283,0.03377,0.03929,0.01893,0.03771,0.02433,0.01618,0.05242,0.03188,0.02590
0.40575,0.36976,0.41676,0.38745,0.40059,0.41143,0.35371,0.42110,0.42587,0.41274,0.42491,0.37116,0.08896,0.06202,0.16858,0.04992,0.06303,0.10110,0.07005,0.14510,0.08162,0.06274,0.13197,0.08709,0.08325,0.30166,0.10898,0.18772,0.09346,0.03235,0.05268,0.14355,0.20347,0.07662,0.10042,0.18395,0.03977,0.04441,0.07088,0.05112,0.02972,0.05389,0.04071,0.08019,0.04717,0.04406,0.03339,0.05600,0.37213,0.34984,0.41274,0.35806,0.35833,0.36135,0.31259,0.37036,0.36097,0.36816,0.36176,0.37724,0.35939,0.32362,0.33301,0.35000,0.34086,0.33117,0.30309,0.34109,0.33556,0.35017,0.32417,0.34040,0.02187,0.01368,0.01747,0.00000,0.00333,0.01562,0.00264,0.01751,0.00353,0.00017,0.01427,0.00892,0.00933,0.02199,0.01769,0.00764,0.00897,0.01917,0.00890,0.02397,0.01250,0.02214,0.03355,0.02386,0.02634,0.03431,0.02536,0.03826,0.02318,0.00974,0.02475,0.02315,0.01934,0.04142,0.04490,0.04337
0.40796,0.37196,0.41897,0.38966,0.40279,0.41363,0.35591,0.42330,0.42808,0.41495,0.42711,0.37336,0.09116,0.06422,0.17078,0.05212,0.06523,0.10330,0.07226,0.14730,0.08382,0.06495,0.13417,0.08929,0.08609,0.30386,0.10963,0.18992,0.09563,0.03446,0.05402,0.14608,0.20568,0.07915,0.10262,0.18174,0.04197,0.04661,0.07309,0.05332,0.03193,0.05610,0.04291,0.08240,0.04937,0.04627,0.03560,0.05820,0.37434,0.35204,0.41495,0.36026,0.36053,0.36355,0.31479,0.37256,0.36318,0.37037,0.36396,0.37944,0.36160,0.32583,0.33521,0.35333,0.33753,0.33337,0.30504,0.34329,0.33551,0.35329,0.32637,0.34260,0.02407,0.01588,0.01967,0.00333,0.00000,0.01783,0.00456,0.01971,0.00349,0.00329,0.01647,0.01113,0.01090,0.02419,0.01549,0.00696,0.00741,0.02137,0.00823,0.02617,0.01508,0.02469,0.03575,0.02607,0.02414,0.03211,0.02316,0.03957,0.02130,0.00957,0.02332,0.02301,0.01924,0.04058,0.04691,0.04557
0.39013,0.35413,0.40114,0.37183,0.38497,0.39580,0.33808,0.40547,0.41025,0.39712,0.40929,0.35553,0.07334,0.04640,0.15295,0.03430,0.04741,0.08547,0.05443,0.12948,0.06600,0.04712,0.11634,0.07147,0.07922,0.28604,0.11943,0.17225,0.07970,0.03353,0.05099,0.14693,0.18822,0.08067,0.08524,0.19957,0.02415,0.02878,0.05526,0.03550,0.01410,0.03827,0.02508,0.06457,0.03155,0.02844,0.01777,0.04037,0.35651,0.33422,0.39712,0.34243,0.34272,0.34572,0.29697,0.35474,0.34535,0.35254,0.34614,0.36162,0.34377,0.31406,0.31739,0.36562,0.35535,0.31555,0.31371,0.32583,0.35118,0.36580,0.31374,0.33862,0.00624,0.00419,0.00185,0.01562,0.01783,0.00000,0.01327,0.00226,0.01915,0.01580,0.00385,0.00715,0.00897,0.01007,0.03332,0.02129,0.02342,0.00798,0.02116,0.01247,0.01032,0.01582,0.01941,0.01015,0.04196,0.04993,0.04098,0.03398,0.03745,0.01708,0.03613,0.02388,0.01612,0.05101,0.03296,0.02774
0.40340,0.36740,0.41441,0.38510,0.39823,0.40907,0.35135,0.41874,0.42352,0.41039,0.42255,0.36880,0.08660,0.05966,0.16622,0.04756,0.06067,0.09874,0.06770,0.14274,0.07926,0.06039,0.12961,0.08473,0.08311,0.29930,0.11143,0.18536,0.09124,0.03269,0.05097,0.14524,0.20112,0.07831,0.09806,0.18631,0.03741,0.04205,0.06853,0.04876,0.02737,0.05153,0.03835,0.07784,0.04481,0.04170,0.03103,0.05364,0.36978,0.34748,0.41039,0.35570,0.35597,0.35899,0.31023,0.36800,0.35862,0.36581,0.35940,0.37488,0.35704,0.32127,0.33065,0.35264,0.34208,0.32881,0.30048,0.33873,0.33791,0.35281,0.32181,0.33804,0.01951,0.01132,0.01511,0.00264,0.00456,0.01327,0.00000,0.01515,0.00589,0.00281,0.01191,0.00657,0.00751,0.01963,0.02005,0.00904,0.01076,0.01681,0.01014,0.02161,0.01158,0.02075,0.03119,0.02151,0.02870,0.03667,0.02772,0.03746,0.02528,0.00924,0.02619,0.02280,0.01812,0.04277,0.04280,0.04101
0.38824,0.35225,0.39925,0.36994,0.38308,0.39391,0.33620,0.40359,0.40836,0.39523,0.40740,0.35365,0.07145,0.04451,0.15107,0.03241,0.04552,0.08358,0.05254,0.12759,0.06411,0.04523,0.11446,0.06958,0.07763,0.28415,0.11954,0.17044,0.07814,0.03416,0.05289,0.14565,0.18652,0.07944,0.08358,0.20146,0.02226,0.02690,0.05337,0.03361,0.01221,0.03638,0.02319,0.06268,0.02966,0.02655,0.01588,0.03848,0.35462,0.33233,0.39523,0.34055,0.34251,0.34384,0.29508,0.35285,0.34346,0.35065,0.34447,0.35973,0.34309,0.31383,0.31741,0.36751,0.35724,0.31779,0.31559,0.32358,0.35307,0.36768,0.31335,0.34006,0.00556,0.00398,0.00187,0.01751,0.01971,0.00226,0.01515,0.00000,0.02104,0.01768,0.00346,0.00859,0.01015,0.00864,0.03521,0.02318,0.02531,0.00721,0.02304,0.01095,0.01033,0.01457,0.01746,0.00890,0.04385,0.05182,0.04287,0.03336,0.03934,0.01897,0.03756,0.02422,0.01626,0.05228,0.03143,0.02585
0.40928,0.37329,0.42029,0.39099,0.40412,0.41496,0.35724,0.42463,0.42941,0.41627,0.42844,0.37469,0.09249,0.06555,0.17211,0.05345,0.06656,0.10463,0.07358,0.14863,0.08515,0.06627,0.13550,0.09062,0.08484,0.30519,0.10700,0.19125,0.09692,0.03311,0.05529,0.14308,0.20701,0.07615,0.10395,0.18042,0.04330,0.04794,0.07441,0.05465,0.03325,0.05742,0.04424,0.08373,0.05070,0.04759,0.03692,0.05953,0.37567,0.35337,0.41627,0.36159,0.36186,0.36488,0.31612,0.37389,0.36450,0.37170,0.36529,0.38077,0.36292,0.32716,0.33654,0.35353,0.34102,0.33470,0.30637,0.34462,0.33203,0.35336,0.32770,0.34393,0.02540,0.01721,0.02100,0.00353,0.00349,0.01915,0.00589,0.02104,0.00000,0.00336,0.01780,0.01245,0.01223,0.02552,0.01416,0.00583,0.00702,0.02270,0.00707,0.02750,0.01543,0.02548,0.03708,0.02740,0.02289,0.03078,0.02183,0.03968,0.02006,0.01008,0.02214,0.02320,0.02054,0.03910,0.04809,0.04690
0.40593,0.36993,0.41694,0.38763,0.40076,0.41160,0.35388,0.42127,0.42605,0.41292,0.42508,0.37133,0.08913,0.06219,0.16875,0.05009,0.06320,0.10127,0.07023,0.14527,0.08179,0.06292,0.13214,0.08726,0.08308,0.30183,0.10881,0.18789,0.09363,0.03217,0.05285,0.14338,0.20365,0.07644,0.10059,0.18378,0.03994,0.04458,0.07106,0.05129,0.02990,0.05407,0.04088,0.08037,0.04734,0.04423,0.03356,0.05617,0.37231,0.35001,0.41292,0.35823,0.35850,0.36152,0.31276,0.37053,0.36114,0.36834,0.36193,0.37741,0.35957,0.32380,0.33318,0.35017,0.34082,0.33134,0.30326,0.34126,0.33538,0.35000,0.32434,0.34057,0.02204,0.01385,0.01764,0.00017,0.00329,0.01580,0.00281,0.01768,0.00336,0.00000,0.01444,0.00910,0.00950,0.02216,0.01752,0.00780,0.00913,0.01934,0.00906,0.02414,0.01267,0.02231,0.03372,0.02404,0.02625,0.03414,0.02519,0.03844,0.02322,0.00991,0.02488,0.02332,0.01952,0.04154,0.04507,0.04354
0.39148,0.35548,0.40249,0.37318,0.38632,0.39715,0.33944,0.40682,0.41160,0.39847,0.41064,0.35688,0.07469,0.04775,0.15430,0.03565,0.04876,0.08682,0.05578,0.13083,0.06735,0.04847,0.11769,0.07282,0.07773,0.28739,0.11660,0.17355,0.08055,0.03275,0.05124,0.14410,0.18950,0.07754,0.08638,0.19822,0.02550,0.03014,0.05661,0.03685,0.01547,0.03962,0.02643,0.06592,0.03290,0.02979,0.01912,0.04172,0.35786,0.33557,0.39847,0.34378,0.34555,0.34707,0.29832,0.35609,0.34670,0.35389,0.34776,0.36297,0.34626,0.31044,0.32003,0.36427,0.35400,0.31939,0.31235,0.32703,0.34983,0.36444,0.30990,0.33682,0.00873,0.00059,0.00449,0.01427,0.01647,0.00385,0.01191,0.00346,0.01780,0.01444,0.00000,0.00535,0.00827,0.00905,0.03197,0.01994,0.02207,0.00753,0.01981,0.01138,0.00826,0.01372,0.01936,0.01035,0.04061,0.04858,0.03963,0.03330,0.03610,0.01588,0.03446,0.02335,0.01613,0.04935,0.03319,0.02909
0.39683,0.36083,0.40784,0.37853,0.39167,0.40250,0.34478,0.41217,0.41695,0.40382,0.41599,0.36223,0.08004,0.05310,0.15965,0.04100,0.05411,0.09217,0.06113,0.13618,0.07270,0.05382,0.12304,0.07817,0.07884,0.29274,0.11300,0.17880,0.08515,0.03124,0.04997,0.14299,0.19466,0.07616,0.09150,0.19287,0.03085,0.03548,0.06196,0.04220,0.02080,0.04497,0.03178,0.07127,0.03825,0.03514,0.02447,0.04707,0.36321,0.34092,0.40382,0.34913,0.34984,0.35242,0.30367,0.36144,0.35205,0.35924,0.35284,0.36832,0.35077,0.31470,0.32427,0.35892,0.34865,0.32270,0.30701,0.33217,0.34448,0.35910,0.31525,0.33147,0.01324,0.00476,0.00873,0.00892,0.01113,0.00715,0.00657,0.00859,0.01245,0.00910,0.00535,0.00000,0.00775,0.01316,0.02662,0.01475,0.01672,0.01070,0.01520,0.01529,0.00864,0.01583,0.02463,0.01499,0.03526,0.04323,0.03428,0.03506,0.03127,0.01194,0.03119,0.02361,0.01751,0.04654,0.03729,0.03444
0.39706,0.36106,0.40807,0.37876,0.39190,0.40273,0.34501,0.41240,0.41718,0.40405,0.41621,0.36246,0.08027,0.05333,0.15988,0.04123,0.05433,0.09240,0.06136,0.13640,0.07293,0.05405,0.12327,0.07839,0.08300,0.29297,0.11809,0.17902,0.08474,0.03201,0.04754,0.15018,0.19478,0.08325,0.09173,0.19264,0.03108,0.03571,0.06219,0.04242,0.02103,0.04520,0.03201,0.07150,0.03848,0.03537,0.02470,0.04730,0.36344,0.34115,0.40405,0.34936,0.35014,0.35265,0.30390,0.36166,0.35228,0.35947,0.35307,0.36854,0.35088,0.31872,0.32572,0.35933,0.34842,0.32452,0.30798,0.33373,0.34425,0.35950,0.31817,0.33922,0.01335,0.00878,0.01018,0.00933,0.01090,0.00897,0.00751,0.01015,0.01223,0.00950,0.00827,0.00775,0.00000,0.01329,0.02639,0.01436,0.01649,0.01048,0.01423,0.01527,0.00568,0.01441,0.02486,0.01517,0.03504,0.04300,0.03405,0.03021,0.03028,0.01015,0.02798,0.01693,0.01110,0.04292,0.03602,0.03467
0.38377,0.34777,0.39478,0.36547,0.37860,0.38944,0.33172,0.39911,0.40389,0.39075,0.40292,0.34917,0.06697,0.04003,0.14659,0.02793,0.04104,0.07911,0.04806,0.12311,0.05963,0.04075,0.10998,0.06510,0.07515,0.27967,0.12365,0.16573,0.07266,0.03775,0.05735,0.14741,0.18152,0.08056,0.08193,0.20594,0.01802,0.02242,0.04889,0.02913,0.01261,0.03190,0.01872,0.05821,0.02518,0.02207,0.01400,0.03401,0.35215,0.32912,0.39075,0.33607,0.34839,0.33936,0.29351,0.34837,0.33898,0.34676,0.34839,0.35525,0.34839,0.31949,0.32514,0.37199,0.36171,0.32562,0.32007,0.33221,0.35755,0.37216,0.31895,0.34464,0.01087,0.00960,0.00960,0.02199,0.02419,0.01007,0.01963,0.00864,0.02552,0.02216,0.00905,0.01316,0.01329,0.00000,0.03968,0.02765,0.02979,0.00322,0.02752,0.00242,0.01009,0.00685,0.01156,0.00331,0.04833,0.05630,0.04735,0.02527,0.04358,0.02345,0.03833,0.01838,0.01472,0.05147,0.02442,0.02138
0.42345,0.38745,0.43446,0.40515,0.41828,0.42912,0.37140,0.43879,0.44357,0.43044,0.44260,0.38885,0.10665,0.07972,0.18627,0.06761,0.08072,0.11879,0.08775,0.16279,0.09931,0.08044,0.14966,0.10478,0.09335,0.31935,0.10031,0.20541,0.11109,0.04047,0.06817,0.14498,0.22117,0.07805,0.11812,0.16625,0.05747,0.06210,0.08858,0.06881,0.04742,0.07159,0.05840,0.09789,0.06487,0.06176,0.05109,0.07369,0.38983,0.36754,0.43044,0.37575,0.37602,0.37904,0.33029,0.38805,0.37867,0.38586,0.37945,0.39493,0.37709,0.34132,0.35070,0.36769,0.35302,0.34886,0.32053,0.35878,0.34619,0.36752,0.34186,0.35809,0.03956,0.03137,0.03516,0.01769,0.01549,0.03332,0.02005,0.03521,0.01416,0.01752,0.03197,0.02662,0.02639,0.03968,0.00000,0.01203,0.00989,0.03686,0.01216,0.04166,0.02959,0.03964,0.05125,0.04156,0.00927,0.01662,0.00773,0.05012,0.00692,0.01624,0.01149,0.02581,0.02662,0.03115,0.06221,0.06106
0.41142,0.37542,0.42243,0.39312,0.40626,0.41709,0.35937,0.42676,0.43154,0.41841,0.43057,0.37682,0.09463,0.06769,0.17424,0.05559,0.06869,0.10676,0.07572,0.15076,0.08729,0.06841,0.13763,0.09275,0.08823,0.30733,0.10823,0.19339,0.09906,0.03535,0.05614,0.14655,0.20914,0.07962,0.10609,0.17828,0.04544,0.05007,0.07655,0.05678,0.03539,0.05956,0.04637,0.08586,0.05284,0.04973,0.03906,0.06166,0.37780,0.35551,0.41841,0.36372,0.36400,0.36701,0.31826,0.37602,0.36664,0.37383,0.36743,0.38290,0.36506,0.32929,0.33868,0.35764,0.34449,0.33684,0.30951,0.34675,0.33785,0.35780,0.32984,0.34623,0.02753,0.01935,0.02313,0.00764,0.00696,0.02129,0.00904,0.02318,0.00583,0.00780,0.01994,0.01475,0.01436,0.02765,0.01203,0.00000,0.00226,0.02484,0.00127,0.02963,0.01757,0.02762,0.03922,0.02953,0.02068,0.02864,0.01969,0.03834,0.01659,0.00698,0.01715,0.01911,0.01806,0.03387,0.05018,0.04903
0.41355,0.37756,0.42456,0.39525,0.40839,0.41923,0.36151,0.42890,0.43368,0.42054,0.43271,0.37896,0.09676,0.06982,0.17638,0.05772,0.07083,0.10890,0.07785,0.15290,0.08942,0.07054,0.13977,0.09489,0.09011,0.30946,0.10768,0.19552,0.10119,0.03723,0.05828,0.14772,0.21127,0.08079,0.10822,0.17615,0.04757,0.05221,0.07868,0.05892,0.03752,0.06169,0.04851,0.08799,0.05497,0.05186,0.04119,0.06380,0.37994,0.35764,0.42054,0.36586,0.36613,0.36915,0.32039,0.37816,0.36877,0.37596,0.36956,0.38504,0.36719,0.33142,0.34081,0.35897,0.34495,0.33897,0.31124,0.34889,0.33905,0.35913,0.33197,0.34820,0.02967,0.02148,0.02527,0.00897,0.00741,0.02342,0.01076,0.02531,0.00702,0.00913,0.02207,0.01672,0.01649,0.02979,0.00989,0.00226,0.00000,0.02697,0.00306,0.03177,0.01970,0.02975,0.04135,0.03166,0.01854,0.02651,0.01756,0.04027,0.01463,0.00759,0.01598,0.01991,0.01890,0.03335,0.05231,0.05117
0.38658,0.35059,0.39759,0.36828,0.38142,0.39226,0.33454,0.40193,0.40670,0.39357,0.40574,0.35199,0.06979,0.04285,0.14941,0.03075,0.04386,0.08192,0.05088,0.12593,0.06245,0.04357,0.11280,0.06792,0.07786,0.28249,0.12314,0.16855,0.07471,0.03501,0.05453,0.14933,0.18430,0.08250,0.08260,0.20312,0.02060,0.02524,0.05171,0.03195,0.01231,0.03472,0.02154,0.06102,0.02800,0.02489,0.01472,0.03682,0.35328,0.33083,0.39357,0.33889,0.34660,0.34218,0.29444,0.35119,0.34180,0.34899,0.34708,0.35807,0.34677,0.31797,0.32335,0.36917,0.35890,0.32353,0.31725,0.33079,0.35473,0.36934,0.31743,0.34217,0.00924,0.00807,0.00781,0.01917,0.02137,0.00798,0.01681,0.00721,0.02270,0.01934,0.00753,0.01070,0.01048,0.00322,0.03686,0.02484,0.02697,0.00000,0.02470,0.00526,0.00731,0.00865,0.01438,0.00469,0.04551,0.05348,0.04453,0.02624,0.04076,0.02063,0.03602,0.01765,0.01218,0.04941,0.02683,0.02420
0.41129,0.37529,0.42230,0.39299,0.40612,0.41696,0.35924,0.42663,0.43141,0.41828,0.43044,0.37669,0.09449,0.06756,0.17411,0.05545,0.06856,0.10663,0.07559,0.15063,0.08715,0.06828,0.13750,0.09262,0.08859,0.30719,0.10860,0.19325,0.09893,0.03571,0.05643,0.14707,0.20901,0.08014,0.10595,0.17841,0.04530,0.04994,0.07642,0.05665,0.03526,0.05943,0.04624,0.08573,0.05271,0.04960,0.03893,0.06153,0.37767,0.35537,0.41828,0.36359,0.36386,0.36688,0.31813,0.37589,0.36651,0.37370,0.36729,0.38277,0.36493,0.32953,0.33854,0.35890,0.34577,0.33670,0.31062,0.34662,0.33910,0.35906,0.32970,0.34667,0.02740,0.01959,0.02300,0.00890,0.00823,0.02116,0.01014,0.02304,0.00707,0.00906,0.01981,0.01520,0.01423,0.02752,0.01216,0.00127,0.00306,0.02470,0.00000,0.02950,0.01743,0.02748,0.03909,0.02940,0.02081,0.02878,0.01983,0.03806,0.01629,0.00712,0.01623,0.01821,0.01749,0.03268,0.05005,0.04890
0.38179,0.34579,0.39280,0.36353,0.37662,0.38746,0.32974,0.39713,0.40191,0.38878,0.40094,0.34719,0.06499,0.03805,0.14461,0.02599,0.03906,0.07713,0.04609,0.12113,0.05765,0.03878,0.10800,0.06312,0.07477,0.27769,0.12483,0.16375,0.07255,0.03967,0.05936,0.14800,0.17951,0.08125,0.08299,0.20792,0.01776,0.02086,0.04691,0.02715,0.01368,0.02992,0.01744,0.05623,0.02329,0.02071,0.01482,0.03203,0.35278,0.32942,0.38878,0.33409,0.35039,0.33762,0.29418,0.34639,0.33709,0.34678,0.35016,0.35327,0.35028,0.32183,0.32744,0.37397,0.36369,0.32802,0.32205,0.33452,0.35952,0.37414,0.32128,0.34676,0.01275,0.01193,0.01190,0.02397,0.02617,0.01247,0.02161,0.01095,0.02750,0.02414,0.01138,0.01529,0.01527,0.00242,0.04166,0.02963,0.03177,0.00526,0.02950,0.00000,0.01207,0.00557,0.00958,0.00360,0.05031,0.05828,0.04933,0.02351,0.04555,0.02543,0.03923,0.01865,0.01632,0.05203,0.02216,0.01949
0.39385,0.35786,0.40486,0.37555,0.38869,0.39953,0.34181,0.40920,0.41398,0.40084,0.41301,0.35926,0.07706,0.05012,0.15668,0.03802,0.05113,0.08920,0.05815,0.13320,0.06972,0.05084,0.12007,0.07519,0.07998,0.28976,0.11812,0.17582,0.08150,0.03222,0.05187,0.14758,0.19157,0.08065,0.08932,0.19585,0.02787,0.03251,0.05898,0.03922,0.01889,0.04199,0.02881,0.06829,0.03527,0.03216,0.02196,0.04410,0.36053,0.33814,0.40084,0.34616,0.35108,0.34945,0.30141,0.35846,0.34907,0.35626,0.35263,0.36534,0.35144,0.31870,0.32649,0.36250,0.35261,0.32587,0.31202,0.33391,0.34746,0.36267,0.31816,0.34011,0.01391,0.00876,0.01095,0.01250,0.01508,0.01032,0.01158,0.01033,0.01543,0.01267,0.00826,0.00864,0.00568,0.01009,0.02959,0.01757,0.01970,0.00731,0.01743,0.01207,0.00000,0.01005,0.02165,0.01196,0.03824,0.04621,0.03726,0.02686,0.03349,0.01341,0.02906,0.01572,0.01146,0.04296,0.03284,0.03147
0.38380,0.34781,0.39481,0.36716,0.37864,0.38948,0.33176,0.39915,0.40392,0.39079,0.40296,0.34921,0.06701,0.04007,0.14663,0.02963,0.04108,0.07915,0.04810,0.12315,0.05967,0.04079,0.11002,0.06514,0.07592,0.27971,0.12328,0.16660,0.07739,0.03924,0.05979,0.14750,0.18152,0.08137,0.08822,0.20590,0.02314,0.02501,0.04893,0.03000,0.01897,0.03291,0.02214,0.05824,0.02676,0.02525,0.02022,0.03444,0.35822,0.33478,0.39079,0.33694,0.35495,0.34153,0.29944,0.34850,0.34056,0.35213,0.35506,0.35659,0.35503,0.32416,0.33126,0.37214,0.36222,0.33137,0.32119,0.33814,0.35751,0.37231,0.32362,0.34730,0.01751,0.01423,0.01572,0.02214,0.02469,0.01582,0.02075,0.01457,0.02548,0.02231,0.01372,0.01583,0.01441,0.00685,0.03964,0.02762,0.02975,0.00865,0.02748,0.00557,0.01005,0.00000,0.01160,0.00866,0.04829,0.05626,0.04731,0.02106,0.04354,0.02341,0.03591,0.01810,0.01744,0.04815,0.02300,0.02320
0.37220,0.33621,0.38321,0.35791,0.36707,0.37787,0.32016,0.38755,0.39232,0.37919,0.39136,0.33761,0.05541,0.02847,0.13503,0.02037,0.02951,0.06754,0.03650,0.11155,0.04807,0.02919,0.09842,0.05354,0.07381,0.26811,0.12900,0.15577,0.07377,0.04893,0.06891,0.14740,0.17035,0.08452,0.08569,0.21750,0.01701,0.01657,0.03733,0.01905,0.01638,0.02240,0.01511,0.04664,0.01666,0.01792,0.01624,0.02298,0.35384,0.32989,0.37919,0.32600,0.35575,0.33259,0.29599,0.33699,0.33046,0.34642,0.35461,0.34650,0.35542,0.32981,0.33384,0.38355,0.37328,0.33495,0.33163,0.34104,0.36911,0.38372,0.32926,0.35610,0.01789,0.01995,0.01830,0.03355,0.03575,0.01941,0.03119,0.01746,0.03708,0.03372,0.01936,0.02463,0.02486,0.01156,0.05125,0.03922,0.04135,0.01438,0.03909,0.00958,0.02165,0.01160,0.00000,0.01002,0.05989,0.06786,0.05891,0.02163,0.05514,0.03501,0.04723,0.02632,0.02521,0.05891,0.01473,0.01346
0.38189,0.34589,0.39290,0.36359,0.37673,0.38756,0.32984,0.39723,0.40201,0.38888,0.40104,0.34729,0.06510,0.03816,0.14471,0.02606,0.03916,0.07723,0.04619,0.12123,0.05776,0.03888,0.10810,0.06322,0.07638,0.27780,0.12609,0.16385,0.07134,0.03925,0.05923,0.15000,0.17967,0.08330,0.08061,0.20781,0.01638,0.02054,0.04702,0.02725,0.01076,0.03003,0.01684,0.05633,0.02331,0.02025,0.01230,0.03213,0.35059,0.32784,0.38888,0.33419,0.34750,0.33748,0.29227,0.34649,0.33711,0.34512,0.34708,0.35337,0.34736,0.32079,0.32497,0.37386,0.36359,0.32569,0.32195,0.33248,0.35942,0.37404,0.32024,0.34647,0.00983,0.01090,0.00943,0.02386,0.02607,0.01015,0.02151,0.00890,0.02740,0.02404,0.01035,0.01499,0.01517,0.00331,0.04156,0.02953,0.03166,0.00469,0.02940,0.00360,0.01196,0.00866,0.01002,0.00000,0.05021,0.05817,0.04922,0.02490,0.04545,0.02532,0.03963,0.01839,0.01554,0.05268,0.02307,0.01950
0.43210,0.39610,0.44311,0.41380,0.42693,0.43777,0.38005,0.44744,0.45222,0.43909,0.45125,0.39750,0.11530,0.08836,0.19492,0.07626,0.08937,0.12744,0.09640,0.17144,0.10796,0.08909,0.15831,0.11343,0.09757,0.32800,0.09329,0.21406,0.11973,0.04469,0.07682,0.14225,0.22982,0.07532,0.12676,0.15761,0.06611,0.07075,0.09722,0.07746,0.05607,0.08023,0.06705,0.10654,0.07351,0.07040,0.05973,0.08234,0.39848,0.37618,0.43909,0.38440,0.38467,0.38769,0.33893,0.39670,0.38731,0.39451,0.38810,0.40358,0.38574,0.34997,0.35935,0.37634,0.36167,0.35751,0.32918,0.36743,0.35492,0.37625,0.35051,0.36674,0.04821,0.04002,0.04381,0.02634,0.02414,0.04196,0.02870,0.04385,0.02289,0.02625,0.04061,0.03526,0.03504,0.04833,0.00927,0.02068,0.01854,0.04551,0.02081,0.05031,0.03824,0.04829,0.05989,0.05021,0.00000,0.00797,0.00269,0.05877,0.00489,0.02488,0.01279,0.03411,0.03468,0.03530,0.07086,0.06971
0.44006,0.40407,0.45107,0.42176,0.43490,0.44574,0.38802,0.45541,0.46019,0.44705,0.45922,0.40547,0.12327,0.09633,0.20289,0.08423,0.09734,0.13541,0.10436,0.17941,0.11593,0.09705,0.16628,0.12140,0.09510,0.33597,0.08532,0.22203,0.12770,0.04223,0.08479,0.13556,0.23778,0.06863,0.13473,0.14964,0.07408,0.07872,0.10519,0.08543,0.06403,0.08820,0.07502,0.11450,0.08148,0.07837,0.06770,0.09031,0.40645,0.38415,0.44705,0.39237,0.39264,0.39566,0.34690,0.40467,0.39528,0.40247,0.39607,0.41155,0.39370,0.35793,0.36732,0.38431,0.36964,0.36548,0.33715,0.37540,0.36280,0.38414,0.35848,0.37471,0.05618,0.04799,0.05178,0.03431,0.03211,0.04993,0.03667,0.05182,0.03078,0.03414,0.04858,0.04323,0.04300,0.05630,0.01662,0.02864,0.02651,0.05348,0.02878,0.05828,0.04621,0.05626,0.06786,0.05817,0.00797,0.00000,0.00895,0.06673,0.01272,0.03285,0.02076,0.04207,0.04265,0.04327,0.07882,0.07768
0.43111,0.39512,0.44212,0.41281,0.42595,0.43679,0.37907,0.44646,0.45124,0.43810,0.45027,0.39652,0.11432,0.08738,0.19394,0.07528,0.08839,0.12646,0.09541,0.17046,0.10698,0.08810,0.15733,0.11245,0.09636,0.32702,0.09427,0.21308,0.11875,0.04348,0.07584,0.14374,0.22883,0.07681,0.12578,0.15859,0.06513,0.06977,0.09624,0.07648,0.05508,0.07925,0.06607,0.10555,0.07253,0.06942,0.05875,0.08136,0.39750,0.37520,0.43810,0.38342,0.38369,0.38671,0.33795,0.39572,0.38633,0.39352,0.38712,0.40260,0.38475,0.34898,0.35837,0.37536,0.36069,0.35653,0.32820,0.36645,0.35385,0.37519,0.34953,0.36576,0.04723,0.03904,0.04283,0.02536,0.02316,0.04098,0.02772,0.04287,0.02183,0.02519,0.03963,0.03428,0.03405,0.04735,0.00773,0.01969,0.01756,0.04453,0.01983,0.04933,0.03726,0.04731,0.05891,0.04922,0.00269,0.00895,0.00000,0.05778,0.00419,0.02390,0.01181,0.03312,0.03370,0.03432,0.06987,0.06873
0.37360,0.34279,0.38434,0.37018,0.37380,0.37900,0.32261,0.38867,0.39345,0.38458,0.39248,0.33873,0.05681,0.03846,0.13615,0.03605,0.03964,0.06867,0.04009,0.11267,0.04920,0.03798,0.09954,0.05466,0.08731,0.26924,0.13927,0.16784,0.08577,0.05162,0.07083,0.15793,0.17650,0.09797,0.10030,0.21637,0.03448,0.03412,0.03846,0.03465,0.03372,0.03441,0.03341,0.05108,0.03393,0.03488,0.03381,0.03635,0.36805,0.34531,0.38458,0.33826,0.36817,0.34645,0.31129,0.34500,0.34432,0.36052,0.36781,0.35909,0.36808,0.34034,0.34591,0.38486,0.37370,0.34612,0.33450,0.35353,0.36830,0.38503,0.33980,0.36313,0.03396,0.03382,0.03377,0.03826,0.03957,0.03398,0.03746,0.03336,0.03968,0.03844,0.03330,0.03506,0.03021,0.02527,0.05012,0.03834,0.04027,0.02624,0.03806,0.02351,0.02686,0.02106,0.02163,0.02490,0.05877,0.06673,0.05778,0.00000,0.05401,0.03405,0.04598,0.02520,0.02647,0.05236,0.01975,0.03118
0.42734,0.39134,0.43835,0.40904,0.42218,0.43301,0.37529,0.44268,0.44746,0.43433,0.44649,0.39274,0.11055,0.08361,0.19016,0.07151,0.08462,0.12268,0.09164,0.16669,0.10321,0.08433,0.15355,0.10867,0.09694,0.32325,0.09805,0.20931,0.11498,0.04406,0.07259,0.14602,0.22506,0.07909,0.12201,0.16236,0.06136,0.06599,0.09247,0.07270,0.05131,0.07548,0.06229,0.10178,0.06876,0.06565,0.05498,0.07758,0.39372,0.37143,0.43433,0.37964,0.38015,0.38293,0.33418,0.39195,0.38256,0.38975,0.38335,0.39883,0.38114,0.34569,0.35483,0.37318,0.35884,0.35300,0.32575,0.36291,0.35208,0.37322,0.34600,0.36274,0.04362,0.03575,0.03929,0.02318,0.02130,0.03745,0.02528,0.03934,0.02006,0.02322,0.03610,0.03127,0.03028,0.04358,0.00692,0.01659,0.01463,0.04076,0.01629,0.04555,0.03349,0.04354,0.05514,0.04545,0.00489,0.01272,0.00419,0.05401,0.00000,0.02089,0.00807,0.02935,0.02993,0.03055,0.06610,0.06495
0.40721,0.37122,0.41822,0.38891,0.40205,0.41288,0.35517,0.42256,0.42733,0.41420,0.42637,0.37262,0.09042,0.06348,0.17003,0.05138,0.06449,0.10255,0.07151,0.14656,0.08308,0.06420,0.13342,0.08855,0.08852,0.30312,0.11399,0.18918,0.09485,0.03565,0.05194,0.15097,0.20493,0.08404,0.10188,0.18249,0.04123,0.04587,0.07234,0.05258,0.03118,0.05535,0.04216,0.08165,0.04863,0.04552,0.03485,0.05745,0.37359,0.35130,0.41420,0.35951,0.35979,0.36281,0.31405,0.37182,0.36243,0.36962,0.36322,0.37870,0.36085,0.32526,0.33447,0.35974,0.34710,0.33263,0.30972,0.34255,0.34210,0.35991,0.32578,0.34341,0.02332,0.01531,0.01893,0.00974,0.00957,0.01708,0.00924,0.01897,0.01008,0.00991,0.01588,0.01194,0.01015,0.02345,0.01624,0.00698,0.00759,0.02063,0.00712,0.02543,0.01341,0.02341,0.03501,0.02532,0.02488,0.03285,0.02390,0.03405,0.02089,0.00000,0.02108,0.01461,0.01137,0.03700,0.04597,0.04482
0.41931,0.38331,0.43032,0.40240,0.41419,0.42498,0.36726,0.43465,0.43943,0.42630,0.43846,0.38471,0.10251,0.07558,0.18213,0.06487,0.07663,0.11465,0.08361,0.15865,0.09517,0.07630,0.14552,0.10064,0.09685,0.31521,0.10602,0.20224,0.10969,0.04512,0.07199,0.15132,0.21703,0.08439,0.11816,0.17039,0.05588,0.06002,0.08444,0.06564,0.04746,0.06844,0.05639,0.09375,0.06227,0.05976,0.05072,0.07017,0.38929,0.36686,0.42630,0.37257,0.37799,0.37677,0.33019,0.38423,0.37607,0.38447,0.38071,0.39199,0.37883,0.34477,0.35325,0.37475,0.36086,0.35168,0.32666,0.36114,0.35417,0.37488,0.34436,0.36266,0.04130,0.03483,0.03771,0.02475,0.02332,0.03613,0.02619,0.03756,0.02214,0.02488,0.03446,0.03119,0.02798,0.03833,0.01149,0.01715,0.01598,0.03602,0.01623,0.03923,0.02906,0.03591,0.04723,0.03963,0.01279,0.02076,0.01181,0.04598,0.00807,0.02108,0.00000,0.02384,0.02667,0.02252,0.05807,0.05864
0.39799,0.36199,0.40900,0.37969,0.39283,0.40366,0.34594,0.41333,0.41811,0.40498,0.41714,0.36339,0.08120,0.05426,0.16081,0.04216,0.05526,0.09333,0.06229,0.13733,0.07386,0.05498,0.12420,0.07932,0.09061,0.29390,0.12358,0.17995,0.08667,0.04476,0.06192,0.15569,0.19571,0.08876,0.09831,0.19171,0.03252,0.03664,0.06312,0.04335,0.02792,0.04613,0.03294,0.07243,0.03941,0.03630,0.02938,0.04823,0.36748,0.34484,0.40498,0.35029,0.36284,0.35358,0.30975,0.36259,0.35321,0.36144,0.36378,0.36947,0.36300,0.33379,0.33987,0.37315,0.36055,0.33943,0.32327,0.34780,0.35523,0.37332,0.33324,0.35508,0.02548,0.02386,0.02433,0.02315,0.02301,0.02388,0.02280,0.02422,0.02320,0.02332,0.02335,0.02361,0.01693,0.01838,0.02581,0.01911,0.01991,0.01765,0.01821,0.01865,0.01572,0.01810,0.02632,0.01839,0.03411,0.04207,0.03312,0.02520,0.02935,0.01461,0.02384,0.00000,0.00981,0.03689,0.03675,0.03560
0.39741,0.36142,0.40842,0.37911,0.39225,0.40309,0.34537,0.41276,0.41754,0.40440,0.41657,0.36282,0.08062,0.05368,0.16024,0.04158,0.05469,0.09276,0.06171,0.13676,0.07328,0.05440,0.12363,0.07875,0.08684,0.29332,0.12358,0.17938,0.08505,0.03729,0.05539,0.15695,0.19514,0.09002,0.09208,0.19229,0.03143,0.03607,0.06254,0.04278,0.02147,0.04555,0.03237,0.07185,0.03883,0.03572,0.02505,0.04766,0.36380,0.34150,0.40440,0.34972,0.35440,0.35301,0.30425,0.36202,0.35263,0.35983,0.35533,0.36890,0.35452,0.32657,0.33172,0.36934,0.35677,0.33167,0.31860,0.33983,0.35256,0.36952,0.32603,0.34899,0.01699,0.01665,0.01618,0.01934,0.01924,0.01612,0.01812,0.01626,0.02054,0.01952,0.01613,0.01751,0.01110,0.01472,0.02662,0.01806,0.01890,0.01218,0.01749,0.01632,0.01146,0.01744,0.02521,0.01554,0.03468,0.04265,0.03370,0.02647,0.02993,0.01137,0.02667,0.00981,0.00000,0.04072,0.03617,0.03503
0.39765,0.36405,0.40780,0.38416,0.39465,0.40246,0.34675,0.41213,0.41800,0.40680,0.41595,0.36264,0.09030,0.08679,0.15961,0.07711,0.08757,0.09532,0.09131,0.13614,0.09273,0.08728,0.12300,0.09252,0.09519,0.29270,0.12401,0.18379,0.09367,0.05126,0.06633,0.16509,0.19777,0.09189,0.10221,0.19291,0.06901,0.07248,0.09082,0.07767,0.06136,0.07553,0.06934,0.07631,0.07462,0.07224,0.06408,0.08164,0.37205,0.34969,0.40680,0.35413,0.36214,0.35867,0.31336,0.36509,0.35794,0.36717,0.36444,0.37374,0.36283,0.32920,0.33748,0.36093,0.34763,0.33608,0.31277,0.34537,0.34064,0.36106,0.32877,0.34754,0.05579,0.04974,0.05242,0.04142,0.04058,0.05101,0.04277,0.05228,0.03910,0.04154,0.04935,0.04654,0.04292,0.05147,0.03115,0.03387,0.03335,0.04941,0.03268,0.05203,0.04296,0.04815,0.05891,0.05268,0.03530,0.04327,0.03432,0.05236,0.03055,0.03700,0.02252,0.03689,0.04072,0.00000,0.06905,0.07107
0.36124,0.32751,0.37225,0.35891,0.35948,0.36691,0.30923,0.37658,0.38136,0.36823,0.38039,0.32664,0.04445,0.01978,0.12406,0.02138,0.02192,0.05658,0.02559,0.10058,0.03711,0.01823,0.08745,0.04257,0.08055,0.25715,0.13742,0.15501,0.07903,0.05989,0.08002,0.15226,0.16123,0.09715,0.09667,0.22846,0.02342,0.02091,0.02637,0.01841,0.02669,0.02214,0.02171,0.03568,0.01907,0.02231,0.02536,0.01910,0.36249,0.33947,0.36823,0.32555,0.36827,0.33607,0.30680,0.33004,0.33287,0.35334,0.36649,0.34724,0.36771,0.34363,0.34742,0.39490,0.38443,0.34851,0.34324,0.35500,0.38012,0.39507,0.34308,0.36876,0.03018,0.03375,0.03188,0.04490,0.04691,0.03296,0.04280,0.03143,0.04809,0.04507,0.03319,0.03729,0.03602,0.02442,0.06221,0.05018,0.05231,0.02683,0.05005,0.02216,0.03284,0.02300,0.01473,0.02307,0.07086,0.07882,0.06987,0.01975,0.06610,0.04597,0.05807,0.03675,0.03617,0.06905,0.00000,0.01696
0.36239,0.32639,0.37340,0.34576,0.35722,0.36806,0.31034,0.37773,0.38251,0.36938,0.38154,0.32779,0.04559,0.01866,0.12521,0.00822,0.01966,0.05773,0.02669,0.10173,0.03825,0.01938,0.08860,0.04372,0.07539,0.25829,0.13586,0.14595,0.07339,0.05875,0.07873,0.14925,0.16238,0.09216,0.08964,0.22731,0.00802,0.00469,0.02752,0.00775,0.01449,0.01053,0.00593,0.03683,0.00381,0.00693,0.01174,0.01263,0.34842,0.32584,0.36938,0.31469,0.36009,0.32018,0.29463,0.32699,0.31761,0.33820,0.35677,0.33405,0.35904,0.33954,0.34144,0.39337,0.38309,0.34328,0.34145,0.34943,0.37892,0.39354,0.33899,0.36592,0.02152,0.02969,0.02590,0.04337,0.04557,0.02774,0.04101,0.02585,0.04690,0.04354,0.02909,0.03444,0.03467,0.02138,0.06106,0.04903,0.05117,0.02420,0.04890,0.01949,0.03147,0.02320,0.01346,0.01950,0.06971,0.07768,0.06873,0.03118,0.06495,0.04482,0.05864,0.03560,0.03503,0.07107,0.01696,0.00000
