state_id,coarse_mechanism,fine_mechanism,param_group_id,M_U0,V_U0,M_U1,V_U1,M_U2,V_U2,M_U3,V_U3,M_U4,V_U4,M_U5,V_U5,M_U6,V_U6,M_U7,V_U7,datarow_valid,health_reason
block_cont_r1,block_or_occupancy,block_cont,block_cont|v6|L5,1,0.2075,1,0.1781,1,0.1588,1,0.1508,0,0.0,0,0.0,0,0.0,0,0.0,1,
block_cont_r10,block_or_occupancy,block_cont,block_cont|v7|L6,0,0.0,1,0.2355,1,0.2138,1,0.2043,1,0.1076,1,0.0945,0,0.0,0,0.0,1,
block_cont_r11,block_or_occupancy,block_cont,block_cont|v8|L6,1,0.1855,1,0.1669,1,0.1549,0,0.0,0,0.0,0,0.0,0,0.0,0,0.0,1,
block_cont_r12,block_or_occupancy,block_cont,block_cont|v6|L6,1,0.309,1,0.2641,1,0.2359,1,0.2234,0,0.0,0,0.0,0,0.0,0,0.0,1,
block_cont_r2,block_or_occupancy,block_cont,block_cont|v6|L5,1,0.2579,1,0.2218,1,0.1986,1,0.1871,0,0.0,0,0.0,0,0.0,0,0.0,1,
block_cont_r3,block_or_occupancy,block_cont,block_cont|v7|L5,1,0.1994,1,0.1751,1,0.1586,1,0.1517,1,0.1076,1,0.0945,0,0.0,0,0.0,1,
block_cont_r4,block_or_occupancy,block_cont,block_cont|v7|L6,1,0.2683,1,0.2343,1,0.2138,1,0.2048,1,0.1076,1,0.0945,0,0.0,0,0.0,1,
block_cont_r5,block_or_occupancy,block_cont,block_cont|v8|L6,1,0.1862,1,0.1669,1,0.1549,0,0.0,0,0.0,0,0.0,0,0.0,0,0.0,1,
block_cont_r6,block_or_occupancy,block_cont,block_cont|v8|L7,1,0.2281,1,0.205,1,0.1903,1,0.1832,0,0.0,0,0.0,0,0.0,0,0.0,1,
block_cont_r7,block_or_occupancy,block_cont,block_cont|v8|L7,1,0.2713,1,0.2431,1,0.2257,1,0.2173,0,0.0,0,0.0,0,0.0,0,0.0,1,
block_cont_r8,block_or_occupancy,block_cont,block_cont|v9|L7,1,0.2051,1,0.1868,1,0.1763,0,0.0,1,0.1054,0,0.0,0,0.0,0,0.0,1,
block_cont_r9,block_or_occupancy,block_cont,block_cont|v9|L8,1,0.2444,1,0.2238,1,0.2101,1,0.2047,1,0.1054,0,0.0,0,0.0,0,0.0,1,
block_nec_r1,block_or_occupancy,block_nec,block_nec|v6|L5,1,1.0,1,1.0,1,0.9765,1,0.8486,1,1.0,1,1.0,1,1.0,1,1.0,1,
block_nec_r10,block_or_occupancy,block_nec,block_nec|v7|L6,1,1.0,1,1.0,1,1.0,1,1.0,1,1.0,1,1.0,1,1.0,1,1.0,1,
block_nec_r11,block_or_occupancy,block_nec,block_nec|v8|L6,1,1.0,1,0.8707,1,0.641,0,0.0,1,1.0,1,1.0,1,1.0,1,1.0,1,
block_nec_r12,block_or_occupancy,block_nec,block_nec|v6|L6,1,1.0,1,1.0,1,1.0,1,1.0,1,1.0,1,1.0,1,1.0,1,1.0,1,
block_nec_r2,block_or_occupancy,block_nec,block_nec|v6|L5,1,1.0,1,1.0,1,1.0,1,1.0,1,1.0,1,1.0,1,1.0,1,1.0,1,
block_nec_r3,block_or_occupancy,block_nec,block_nec|v7|L5,1,1.0,1,1.0,1,0.9052,1,0.8116,1,1.0,1,1.0,1,1.0,1,1.0,1,
block_nec_r4,block_or_occupancy,block_nec,block_nec|v7|L6,1,1.0,1,1.0,1,1.0,1,0.983,1,1.0,1,1.0,1,1.0,1,1.0,1,
block_nec_r5,block_or_occupancy,block_nec,block_nec|v8|L6,1,1.0,1,0.9768,1,0.7931,0,0.0,1,1.0,1,1.0,1,1.0,1,1.0,1,
block_nec_r6,block_or_occupancy,block_nec,block_nec|v8|L7,1,1.0,1,1.0,1,0.9873,1,0.9233,1,1.0,1,1.0,1,1.0,1,1.0,1,
block_nec_r7,block_or_occupancy,block_nec,block_nec|v8|L7,1,1.0,1,1.0,1,1.0,1,1.0,1,1.0,1,1.0,1,1.0,1,1.0,1,
block_nec_r8,block_or_occupancy,block_nec,block_nec|v9|L7,1,1.0,1,1.0,1,0.911,0,0.0,1,1.0,1,1.0,1,1.0,1,1.0,1,
block_nec_r9,block_or_occupancy,block_nec,block_nec|v9|L8,1,1.0,1,1.0,1,0.9566,1,0.9135,1,1.0,1,1.0,1,1.0,1,1.0,1,
cross_clear_r1,cross,cross_clear,cross_clear|v6|d5,1,1.0,1,1.0,1,0.7804,1,1.0,1,1.0,1,1.0,1,0.9296,1,0.7772,1,
cross_clear_r10,cross,cross_clear,cross_clear|v8|d6,1,0.6004,1,0.5954,1,0.3556,0,0.0,1,0.6709,1,0.5954,1,0.4862,0,0.0,1,
cross_clear_r11,cross,cross_clear,cross_clear|v8|d7,1,1.0,1,1.0,1,1.0,1,1.0,1,1.0,1,0.7938,1,0.6958,1,0.549,1,
cross_clear_r12,cross,cross_clear,cross_clear|v8|d8,1,0.8019,1,0.3957,1,0.4154,1,0.549,1,0.7832,1,0.6484,1,0.4585,1,0.5245,1,
cross_clear_r2,cross,cross_clear,cross_clear|v6|d6,1,1.0,1,1.0,1,0.5102,1,0.7404,1,1.0,1,1.0,1,0.7443,1,0.7404,1,
cross_clear_r3,cross,cross_clear,cross_clear|v6|d7,1,1.0,1,1.0,1,0.991,1,1.0,1,1.0,1,1.0,1,0.991,1,0.8736,1,
cross_clear_r4,cross,cross_clear,cross_clear|v6|d8,1,1.0,1,1.0,1,0.7659,1,0.5306,1,1.0,1,1.0,1,0.6673,1,0.7285,1,
cross_clear_r5,cross,cross_clear,cross_clear|v7|d5,1,1.0,1,0.648,1,1.0,1,1.0,1,1.0,1,0.648,1,0.6144,1,0.4419,1,
cross_clear_r6,cross,cross_clear,cross_clear|v7|d6,1,0.9175,1,0.5252,1,0.4092,1,0.4748,1,0.8601,1,0.5497,1,0.6144,1,0.5115,1,
cross_clear_r7,cross,cross_clear,cross_clear|v7|d7,1,1.0,1,0.9427,1,1.0,1,1.0,1,1.0,1,0.8476,1,0.7845,1,0.7306,1,
cross_clear_r8,cross,cross_clear,cross_clear|v7|d8,1,1.0,1,0.7538,1,0.7402,1,0.5537,1,1.0,1,0.7645,1,0.7121,1,0.695,1,
cross_clear_r9,cross,cross_clear,cross_clear|v8|d5,1,1.0,1,1.0,1,1.0,1,1.0,1,0.7114,1,0.6079,0,0.0,0,0.0,1,
cross_stall_r1,cross,cross_stall,cross_stall|v6|d6,1,1.0,1,1.0,1,1.0,1,1.0,1,1.0,1,1.0,1,1.0,1,1.0,1,
cross_stall_r10,cross,cross_stall,cross_stall|v7|d7,1,1.0,1,1.0,1,1.0,1,1.0,1,1.0,1,1.0,1,1.0,1,1.0,1,
cross_stall_r11,cross,cross_stall,cross_stall|v8|d7,1,1.0,1,1.0,1,1.0,1,0.9739,1,1.0,1,1.0,1,1.0,1,1.0,1,
cross_stall_r12,cross,cross_stall,cross_stall|v8|d8,1,1.0,1,1.0,1,1.0,1,1.0,1,1.0,1,1.0,1,1.0,1,1.0,1,
cross_stall_r2,cross,cross_stall,cross_stall|v6|d6,1,1.0,1,1.0,1,1.0,1,1.0,1,1.0,1,1.0,1,1.0,1,1.0,1,
cross_stall_r3,cross,cross_stall,cross_stall|v7|d6,1,1.0,1,1.0,1,1.0,1,0.9606,1,1.0,1,1.0,1,1.0,1,1.0,1,
cross_stall_r4,cross,cross_stall,cross_stall|v7|d7,1,1.0,1,1.0,1,1.0,1,1.0,1,1.0,1,1.0,1,1.0,1,1.0,1,
cross_stall_r5,cross,cross_stall,cross_stall|v8|d7,1,1.0,1,1.0,1,0.9375,1,0.7833,1,1.0,1,1.0,1,1.0,1,1.0,1,
cross_stall_r6,cross,cross_stall,cross_stall|v8|d8,1,1.0,1,1.0,1,1.0,1,1.0,1,1.0,1,1.0,1,1.0,1,1.0,1,
cross_stall_r7,cross,cross_stall,cross_stall|v6|d6,1,1.0,1,1.0,1,1.0,1,1.0,1,1.0,1,1.0,1,1.0,1,1.0,1,
cross_stall_r8,cross,cross_stall,cross_stall|v6|d6,1,1.0,1,1.0,1,1.0,1,1.0,1,1.0,1,1.0,1,1.0,1,1.0,1,
cross_stall_r9,cross,cross_stall,cross_stall|v7|d6,1,1.0,1,1.0,1,1.0,1,1.0,1,1.0,1,1.0,1,1.0,1,1.0,1,
cross_stall_occ_r1,cross,cross_stall_occ,cross_stall_occ|v6|d6,1,0.3789,1,0.3233,1,0.29,1,0.2732,0,0.0,0,0.0,0,0.0,0,0.0,1,
cross_stall_occ_r10,cross,cross_stall_occ,cross_stall_occ|v7|d7,1,0.3831,1,0.3356,1,0.3057,1,0.2924,1,0.1076,1,0.0945,0,0.0,0,0.0,1,
cross_stall_occ_r11,cross,cross_stall_occ,cross_stall_occ|v8|d7,1,0.2713,1,0.2431,1,0.2257,1,0.2173,0,0.0,0,0.0,0,0.0,0,0.0,1,
cross_stall_occ_r12,cross,cross_stall_occ,cross_stall_occ|v8|d8,1,0.3344,1,0.3004,1,0.2788,1,0.2673,0,0.0,0,0.0,0,0.0,0,0.0,1,
cross_stall_occ_r2,cross,cross_stall_occ,cross_stall_occ|v6|d7,1,0.4536,1,0.3884,1,0.3478,1,0.3277,0,0.0,0,0.0,0,0.0,0,0.0,1,
cross_stall_occ_r3,cross,cross_stall_occ,cross_stall_occ|v7|d7,1,0.33,1,0.2903,1,0.2649,1,0.253,1,0.1076,1,0.0945,0,0.0,0,0.0,1,
cross_stall_occ_r4,cross,cross_stall_occ,cross_stall_occ|v7|d7,1,0.429,1,0.3766,1,0.3437,1,0.3275,1,0.1076,1,0.0945,0,0.0,0,0.0,1,
cross_stall_occ_r5,cross,cross_stall_occ,cross_stall_occ|v8|d7,1,0.3351,1,0.3004,1,0.2788,1,0.2678,0,0.0,0,0.0,0,0.0,0,0.0,1,
cross_stall_occ_r6,cross,cross_stall_occ,cross_stall_occ|v8|d8,1,0.3351,1,0.3004,1,0.2788,1,0.2684,0,0.0,0,0.0,0,0.0,0,0.0,1,
cross_stall_occ_r7,cross,cross_stall_occ,cross_stall_occ|v6|d6,1,0.3585,1,0.3078,1,0.2744,1,0.2591,0,0.0,0,0.0,0,0.0,0,0.0,1,
cross_stall_occ_r8,cross,cross_stall_occ,cross_stall_occ|v6|d7,1,0.4355,1,0.3723,1,0.3327,1,0.3141,0,0.0,0,0.0,0,0.0,0,0.0,1,
cross_stall_occ_r9,cross,cross_stall_occ,cross_stall_occ|v7|d7,1,0.3135,1,0.2746,1,0.2511,1,0.2399,1,0.1076,1,0.0945,0,0.0,0,0.0,1,
lead_cont_r1,lead,lead_cont,lead_cont|v6|s5,1,0.4481,1,0.3831,1,0.343,1,0.3231,0,0.0,0,0.0,0,0.0,0,0.0,1,
lead_cont_r10,lead,lead_cont,lead_cont|v9|s8,1,0.4938,1,0.4778,1,0.4502,1,0.438,1,0.1054,0,0.0,0,0.0,0,0.0,1,
lead_cont_r11,lead,lead_cont,lead_cont|v7|s6,1,0.4749,1,0.4162,1,0.3799,1,0.3625,1,0.1076,1,0.0945,0,0.0,0,0.0,1,
lead_cont_r12,lead,lead_cont,lead_cont|v8|s7,1,0.5904,1,0.5292,1,0.4912,1,0.4728,0,0.0,0,0.0,0,0.0,0,0.0,1,
lead_cont_r2,lead,lead_cont,lead_cont|v6|s5,1,0.6234,1,0.5329,1,0.4765,1,0.4495,0,0.0,0,0.0,0,0.0,0,0.0,1,
lead_cont_r3,lead,lead_cont,lead_cont|v7|s5,1,0.4849,1,0.4257,1,0.3897,1,0.3713,1,0.1076,1,0.0945,0,0.0,0,0.0,1,
lead_cont_r4,lead,lead_cont,lead_cont|v7|s6,1,0.5897,1,0.5176,1,0.4724,1,0.4502,1,0.1076,1,0.0945,0,0.0,0,0.0,1,
lead_cont_r5,lead,lead_cont,lead_cont|v8|s6,1,0.484,1,0.4338,1,0.4027,1,0.3876,0,0.0,0,0.0,0,0.0,0,0.0,1,
lead_cont_r6,lead,lead_cont,lead_cont|v8|s7,1,0.633,1,0.5667,1,0.526,1,0.5064,0,0.0,0,0.0,0,0.0,0,0.0,1,
lead_cont_r7,lead,lead_cont,lead_cont|v8|s7,1,0.5904,1,0.5292,1,0.4912,1,0.4728,0,0.0,0,0.0,0,0.0,0,0.0,1,
lead_cont_r8,lead,lead_cont,lead_cont|v9|s7,1,0.4938,1,0.4778,1,0.4502,1,0.438,1,0.1054,0,0.0,0,0.0,0,0.0,1,
lead_cont_r9,lead,lead_cont,lead_cont|v9|s8,1,0.5243,1,0.4789,1,0.4502,1,0.438,1,0.1054,0,0.0,0,0.0,0,0.0,1,
lead_nec_r1,lead,lead_nec,lead_nec|v6|s5,1,1.0,1,1.0,1,1.0,1,1.0,1,1.0,1,1.0,1,1.0,1,1.0,1,
lead_nec_r10,lead,lead_nec,lead_nec|v9|s8,1,1.0,1,1.0,1,1.0,1,1.0,1,1.0,1,1.0,1,1.0,1,1.0,1,
lead_nec_r11,lead,lead_nec,lead_nec|v7|s6,1,1.0,1,1.0,1,1.0,1,1.0,1,1.0,1,1.0,1,1.0,1,1.0,1,
lead_nec_r12,lead,lead_nec,lead_nec|v8|s7,1,1.0,1,1.0,1,1.0,1,1.0,1,1.0,1,1.0,1,1.0,1,1.0,1,
lead_nec_r2,lead,lead_nec,lead_nec|v6|s5,1,1.0,1,1.0,1,1.0,1,1.0,1,1.0,1,1.0,1,1.0,1,1.0,1,
lead_nec_r3,lead,lead_nec,lead_nec|v7|s5,1,1.0,1,1.0,1,1.0,1,1.0,1,1.0,1,1.0,1,1.0,1,1.0,1,
lead_nec_r4,lead,lead_nec,lead_nec|v7|s6,1,1.0,1,1.0,1,1.0,1,1.0,1,1.0,1,1.0,1,1.0,1,1.0,1,
lead_nec_r5,lead,lead_nec,lead_nec|v8|s6,1,1.0,1,1.0,1,1.0,1,1.0,1,1.0,1,1.0,1,1.0,1,1.0,1,
lead_nec_r6,lead,lead_nec,lead_nec|v8|s7,1,1.0,1,1.0,1,1.0,1,1.0,1,1.0,1,1.0,1,1.0,1,1.0,1,
lead_nec_r7,lead,lead_nec,lead_nec|v8|s7,1,1.0,1,1.0,1,1.0,1,1.0,1,1.0,1,1.0,1,1.0,1,1.0,1,
lead_nec_r8,lead,lead_nec,lead_nec|v9|s7,1,1.0,1,1.0,1,1.0,1,1.0,1,1.0,1,1.0,1,1.0,1,1.0,1,
lead_nec_r9,lead,lead_nec,lead_nec|v9|s8,1,1.0,1,1.0,1,1.0,1,1.0,1,1.0,1,1.0,1,1.0,1,1.0,1,
lead_opt_r1,lead,lead_opt,lead_opt|v6|s6,1,1.0,1,1.0,1,1.0,1,1.0,1,1.0,1,1.0,1,1.0,1,1.0,1,
lead_opt_r10,lead,lead_opt,lead_opt|v8|s7,1,1.0,1,1.0,1,1.0,1,1.0,1,1.0,1,1.0,1,1.0,1,1.0,1,
lead_opt_r11,lead,lead_opt,lead_opt|v6|s6,1,1.0,1,1.0,1,1.0,1,1.0,1,1.0,1,1.0,1,1.0,1,1.0,1,
lead_opt_r12,lead,lead_opt,lead_opt|v7|s7,1,1.0,1,1.0,1,1.0,1,1.0,1,1.0,1,1.0,1,1.0,1,1.0,1,
lead_opt_r2,lead,lead_opt,lead_opt|v6|s6,1,1.0,1,1.0,1,1.0,1,1.0,1,1.0,1,1.0,1,1.0,1,1.0,1,
lead_opt_r3,lead,lead_opt,lead_opt|v7|s6,1,1.0,1,1.0,1,1.0,1,1.0,1,1.0,1,1.0,1,1.0,1,1.0,1,
lead_opt_r4,lead,lead_opt,lead_opt|v7|s6,1,1.0,1,1.0,1,1.0,1,1.0,1,1.0,1,1.0,1,1.0,1,1.0,1,
lead_opt_r5,lead,lead_opt,lead_opt|v8|s7,1,1.0,1,1.0,1,1.0,1,1.0,1,1.0,1,1.0,1,1.0,1,1.0,1,
lead_opt_r6,lead,lead_opt,lead_opt|v8|s7,1,1.0,1,1.0,1,1.0,1,1.0,1,1.0,1,1.0,1,1.0,1,1.0,1,
lead_opt_r7,lead,lead_opt,lead_opt|v9|s7,1,1.0,1,1.0,1,1.0,1,1.0,1,1.0,1,1.0,1,1.0,1,1.0,1,
lead_opt_r8,lead,lead_opt,lead_opt|v9|s7,1,1.0,1,1.0,1,1.0,1,1.0,1,1.0,1,1.0,1,1.0,1,1.0,1,
lead_opt_r9,lead,lead_opt,lead_opt|v7|s6,1,1.0,1,1.0,1,1.0,1,1.0,1,1.0,1,1.0,1,1.0,1,1.0,1,
temp_opt_r1,block_or_occupancy,temp_opt,temp_opt|v6|o6,1,1.0,1,1.0,1,1.0,1,1.0,1,1.0,1,1.0,1,1.0,1,1.0,1,
temp_opt_r10,block_or_occupancy,temp_opt,temp_opt|v6|o7,1,1.0,1,1.0,1,1.0,1,1.0,1,1.0,1,1.0,1,1.0,1,1.0,1,
temp_opt_r11,block_or_occupancy,temp_opt,temp_opt|v7|o8,1,1.0,1,1.0,1,1.0,1,1.0,1,1.0,1,1.0,1,1.0,1,1.0,1,
temp_opt_r12,block_or_occupancy,temp_opt,temp_opt|v8|o7,1,1.0,1,1.0,1,1.0,1,0.9739,1,1.0,1,1.0,1,1.0,1,1.0,1,
temp_opt_r2,block_or_occupancy,temp_opt,temp_opt|v6|o7,1,1.0,1,1.0,1,1.0,1,1.0,1,1.0,1,1.0,1,1.0,1,1.0,1,
temp_opt_r3,block_or_occupancy,temp_opt,temp_opt|v6|o8,1,1.0,1,1.0,1,1.0,1,1.0,1,1.0,1,1.0,1,1.0,1,1.0,1,
temp_opt_r4,block_or_occupancy,temp_opt,temp_opt|v7|o6,1,1.0,1,1.0,1,1.0,1,1.0,1,1.0,1,1.0,1,1.0,1,1.0,1,
temp_opt_r5,block_or_occupancy,temp_opt,temp_opt|v7|o7,1,1.0,1,1.0,1,1.0,1,1.0,1,1.0,1,1.0,1,1.0,1,1.0,1,
temp_opt_r6,block_or_occupancy,temp_opt,temp_opt|v7|o8,1,1.0,1,1.0,1,1.0,1,1.0,1,1.0,1,1.0,1,1.0,1,1.0,1,
temp_opt_r7,block_or_occupancy,temp_opt,temp_opt|v8|o6,1,1.0,1,1.0,1,0.9497,1,0.8477,1,1.0,1,1.0,1,1.0,1,1.0,1,
temp_opt_r8,block_or_occupancy,temp_opt,temp_opt|v8|o7,1,1.0,1,1.0,1,1.0,1,1.0,1,1.0,1,1.0,1,1.0,1,1.0,1,
temp_opt_r9,block_or_occupancy,temp_opt,temp_opt|v8|o8,1,1.0,1,1.0,1,1.0,1,1.0,1,1.0,1,1.0,1,1.0,1,1.0,1,
